project,dep,dep_range,project_depth,status,Incompatibility,No suitable version,"Error (no jar, call graph)"
org.scalablytyped.converter|importer_2.12|1.0.0-beta37,ch.epfl.scala|bloop-frontend_2.12|1.4.11,"[1.4.11,1.4.12-16-373bc94e]",6,success,,,
org.wso2.carbon.identity.carbon.auth.iwa|org.wso2.carbon.identity.authenticator.iwa|5.5.0,org.wso2.carbon.identity.inbound.auth.sts|org.wso2.carbon.identity.sts.mgt|5.6.0,No suitable version,6,failed,,Y,
org.daisy.pipeline.modules.braille|dtbook-to-pef|9.0.0,org.daisy.pipeline.modules|metadata-utils|2.0.1,No suitable version,6,failed,,Y,
org.wso2.am.choreo.extensions|org.wso2.am.choreo.extensions.token.handler.feature|1.1.46,org.wso2.am.choreo.extensions|org.wso2.am.choreo.extensions.token.handler|1.1.46,No suitable version,6,failed,,Y,
org.wso2.am.choreo.extensions|org.wso2.am.choreo.extensions.token.handler.feature|1.0.86,org.wso2.am.choreo.extensions|org.wso2.am.choreo.extensions.token.handler|1.0.86,"[1.0.86,1.1.43]",6,success,,,
org.wso2.am.choreo.extensions|org.wso2.am.choreo.extensions.token.handler.feature|1.0.75,org.wso2.am.choreo.extensions|org.wso2.am.choreo.extensions.token.handler|1.0.75,"[1.0.75,1.1.43]",6,success,,,
org.wso2.am.choreo.extensions|org.wso2.am.choreo.extensions.token.handler.feature|1.0.82,org.wso2.am.choreo.extensions|org.wso2.am.choreo.extensions.token.handler|1.0.82,"[1.0.82,1.1.43]",6,success,,,
org.wso2.carbon.apimgt|org.wso2.carbon.apimgt.tokenmgt.feature|9.15.5,org.wso2.carbon.apimgt|org.wso2.carbon.apimgt.tokenmgt|9.15.5,"[9.15.5,9.22.72]",6,success,,,
org.wso2.am.choreo.extensions|org.wso2.am.choreo.extensions.token.handler.feature|1.1.5,org.wso2.am.choreo.extensions|org.wso2.am.choreo.extensions.token.handler|1.1.5,"[1.1.5,1.1.43]",6,success,,,
org.wso2.carbon.apimgt|org.wso2.carbon.apimgt.keymanager.feature|9.15.5,org.wso2.carbon.apimgt|org.wso2.carbon.apimgt.keymgt|9.15.5,"[9.15.5,9.22.84]",6,success,,,
org.wso2.am.choreo.extensions|org.wso2.am.choreo.extensions.token.handler.feature|1.1.6,org.wso2.am.choreo.extensions|org.wso2.am.choreo.extensions.token.handler|1.1.6,"[1.1.6,1.1.43]",6,success,,,
org.wso2.carbon.apimgt|org.wso2.carbon.apimgt.keymanager.feature|9.15.1,org.wso2.carbon.apimgt|org.wso2.carbon.apimgt.keymgt|9.15.1,"[9.15.1,9.22.84]",6,success,,,
org.wso2.km.ext.wso2is|distribution|1.6.7,org.wso2.km.ext.wso2is|wso2is.key.manager.core|1.6.7,No suitable version,6,failed,,Y,
org.wso2.am.choreo.extensions|org.wso2.am.choreo.extensions.token.handler.feature|1.1.8,org.wso2.am.choreo.extensions|org.wso2.am.choreo.extensions.token.handler|1.1.8,"[1.1.8,1.1.43]",6,success,,,
org.wso2.carbon.apimgt|org.wso2.carbon.apimgt.tokenmgt.feature|9.15.3,org.wso2.carbon.apimgt|org.wso2.carbon.apimgt.tokenmgt|9.15.3,"[9.15.3,9.22.72]",6,success,,,
org.wso2.carbon.apimgt|org.wso2.carbon.apimgt.gateway|9.14.5,org.wso2.carbon.apimgt|org.wso2.carbon.apimgt.keymgt|9.14.5,"[9.14.5,9.22.84]",6,success,,,
org.wso2.am.choreo.extensions|org.wso2.am.choreo.extensions.token.handler.feature|1.1.30,org.wso2.am.choreo.extensions|org.wso2.am.choreo.extensions.token.handler|1.1.30,"[1.1.30,1.1.43]",6,success,,,
org.wso2.carbon.identity.inbound.auth.sts|org.wso2.carbon.identity.sts.mgt.server.feature|5.7.5,org.wso2.carbon.identity.inbound.auth.sts|org.wso2.carbon.identity.sts.mgt|5.7.5,No suitable version,6,failed,,Y,
org.wso2.am.choreo.extensions|org.wso2.am.choreo.extensions.token.handler.feature|1.0.89,org.wso2.am.choreo.extensions|org.wso2.am.choreo.extensions.token.handler|1.0.89,"[1.0.89,1.1.43]",6,success,,,
org.wso2.carbon.apimgt|org.wso2.carbon.apimgt.gateway|9.15.2,org.wso2.carbon.apimgt|org.wso2.carbon.apimgt.keymgt|9.15.2,"[9.15.2,9.22.84]",6,success,,,
org.wso2.am.choreo.extensions|org.wso2.am.choreo.extensions.token.handler.feature|1.1.4.3,org.wso2.am.choreo.extensions|org.wso2.am.choreo.extensions.token.handler|1.1.4.3,"[1.1.4.3,1.1.43]",6,success,,,
org.wso2.carbon.apimgt|org.wso2.carbon.apimgt.gateway|9.15.1,org.wso2.carbon.apimgt|org.wso2.carbon.apimgt.keymgt|9.15.1,"[9.15.1,9.22.84]",6,success,,,
org.wso2.km.ext.wso2is|distribution|1.6.0,org.wso2.km.ext.wso2is|wso2is.key.manager.core|1.6.0,"[1.6.0,1.6.3]",6,success,,,
org.wso2.am.choreo.extensions|org.wso2.am.choreo.extensions.token.handler.feature|1.0.71,org.wso2.am.choreo.extensions|org.wso2.am.choreo.extensions.token.handler|1.0.71,"[1.0.71,1.1.43]",6,success,,,
org.wso2.km.ext.wso2is|wso2is.key.manager.notification.feature|1.6.8,org.wso2.km.ext.wso2is|wso2is.key.manager.core|1.6.8,No suitable version,6,failed,,Y,
org.wso2.am.choreo.extensions|org.wso2.am.choreo.extensions.core.feature|1.0.66,org.wso2.am.choreo.extensions|org.wso2.am.choreo.extensions.core|1.0.66,"[1.0.66,1.0.82]",6,success,,,
org.wso2.am.choreo.extensions|org.wso2.am.choreo.extensions.token.handler.feature|1.0.99,org.wso2.am.choreo.extensions|org.wso2.am.choreo.extensions.token.handler|1.0.99,"[1.0.99,1.1.43]",6,success,,,
org.wso2.carbon.apimgt|org.wso2.carbon.apimgt.keymanager.feature|9.14.7,org.wso2.carbon.apimgt|org.wso2.carbon.apimgt.keymgt|9.14.7,"[9.14.7,9.22.84]",6,success,,,
org.wso2.am.choreo.extensions|org.wso2.am.choreo.extensions.token.handler.feature|1.1.27,org.wso2.am.choreo.extensions|org.wso2.am.choreo.extensions.token.handler|1.1.27,"[1.1.27,1.1.43]",6,success,,,
org.wso2.am.choreo.extensions|org.wso2.am.choreo.extensions.operation.policy.provider.bcentralprovider|1.1.42,org.wso2.am.choreo.extensions|org.wso2.am.choreo.extensions.token.handler|1.1.42,"[1.1.42,1.1.43]",6,success,,,
org.wso2.am.choreo.extensions|org.wso2.am.choreo.extensions.persistence.mongodb|1.1.33,org.wso2.am.choreo.extensions|org.wso2.am.choreo.extensions.token.handler|1.1.33,"[1.1.33,1.1.43]",6,success,,,
org.wso2.am.choreo.extensions|org.wso2.am.choreo.extensions.operation.policy.provider.bcentralprovider|1.1.44,org.wso2.am.choreo.extensions|org.wso2.am.choreo.extensions.token.handler|1.1.44,No suitable version,6,failed,,Y,
org.wso2.am.choreo.extensions|org.wso2.am.choreo.extensions.token.handler.feature|1.1.28,org.wso2.am.choreo.extensions|org.wso2.am.choreo.extensions.token.handler|1.1.28,"[1.1.28,1.1.43]",6,success,,,
org.wso2.am.choreo.extensions|org.wso2.am.choreo.extensions.token.handler.feature|1.0.87,org.wso2.am.choreo.extensions|org.wso2.am.choreo.extensions.token.handler|1.0.87,"[1.0.87,1.1.43]",6,success,,,
org.wso2.am.choreo.extensions|org.wso2.am.choreo.extensions.persistence.mongodb|1.1.46,org.wso2.am.choreo.extensions|org.wso2.am.choreo.extensions.token.handler|1.1.46,No suitable version,6,failed,,Y,
org.wso2.am.choreo.extensions|org.wso2.am.choreo.extensions.persistence.mongodb|1.1.37,org.wso2.am.choreo.extensions|org.wso2.am.choreo.extensions.token.handler|1.1.37,"[1.1.37,1.1.43]",6,success,,,
org.wso2.am.choreo.extensions|org.wso2.am.choreo.extensions.token.handler.feature|1.0.93,org.wso2.am.choreo.extensions|org.wso2.am.choreo.extensions.token.handler|1.0.93,"[1.0.93,1.1.43]",6,success,,,
org.wso2.am.choreo.extensions|org.wso2.am.choreo.extensions.persistence.mongodb|1.1.44,org.wso2.am.choreo.extensions|org.wso2.am.choreo.extensions.token.handler|1.1.44,No suitable version,6,failed,,Y,
org.wso2.km.ext.wso2is|distribution|1.6.6,org.wso2.km.ext.wso2is|wso2is.key.manager.core|1.6.6,No suitable version,6,failed,,Y,
org.wso2.am.choreo.extensions|org.wso2.am.choreo.extensions.operation.policy.provider.bcentralprovider|1.1.35,org.wso2.am.choreo.extensions|org.wso2.am.choreo.extensions.token.handler|1.1.35,"[1.1.35,1.1.43]",6,success,,,
org.daisy.pipeline.modules.braille|dtbook-to-pef|9.0.1,org.daisy.pipeline.modules|metadata-utils|2.0.1,No suitable version,6,failed,,Y,
org.wso2.am.choreo.extensions|org.wso2.am.choreo.extensions.operation.policy.provider.bcentralprovider|1.1.39,org.wso2.am.choreo.extensions|org.wso2.am.choreo.extensions.token.handler|1.1.39,"[1.1.39,1.1.43]",6,success,,,
org.wso2.am.choreo.extensions|org.wso2.am.choreo.extensions.operation.policy.provider.bcentralprovider|1.1.24,org.wso2.am.choreo.extensions|org.wso2.am.choreo.extensions.token.handler|1.1.24,"[1.1.24,1.1.43]",6,success,,,
org.wso2.am.choreo.extensions|org.wso2.am.choreo.extensions.token.handler.feature|1.0.84,org.wso2.am.choreo.extensions|org.wso2.am.choreo.extensions.token.handler|1.0.84,"[1.0.84,1.1.43]",6,success,,,
org.wso2.am.choreo.extensions|org.wso2.am.choreo.extensions.token.handler.feature|1.1.7,org.wso2.am.choreo.extensions|org.wso2.am.choreo.extensions.token.handler|1.1.7,"[1.1.7,1.1.43]",6,success,,,
org.wso2.am.choreo.extensions|org.wso2.am.choreo.extensions.operation.policy.provider.bcentralprovider|1.1.28,org.wso2.am.choreo.extensions|org.wso2.am.choreo.extensions.token.handler|1.1.28,"[1.1.28,1.1.43]",6,success,,,
org.wso2.carbon.identity.inbound.auth.sts|org.wso2.carbon.sts.feature|5.7.5,org.wso2.carbon.identity.inbound.auth.sts|org.wso2.carbon.sts.server.feature|5.7.5,No suitable version,6,failed,,Y,
org.wso2.am.choreo.extensions|org.wso2.am.choreo.extensions.token.handler.feature|1.0.73,org.wso2.am.choreo.extensions|org.wso2.am.choreo.extensions.token.handler|1.0.73,"[1.0.73,1.1.43]",6,success,,,
org.wso2.carbon.identity.inbound.auth.sts|org.wso2.carbon.sts.feature|5.10.0,org.wso2.carbon.identity.inbound.auth.sts|org.wso2.carbon.sts.server.feature|5.10.0,No suitable version,6,failed,,Y,
org.wso2.am.choreo.extensions|org.wso2.am.choreo.extensions.token.handler.feature|1.1.42,org.wso2.am.choreo.extensions|org.wso2.am.choreo.extensions.token.handler|1.1.42,"[1.1.42,1.1.43]",6,success,,,
org.wso2.carbon.apimgt|org.wso2.carbon.apimgt.tokenmgt.feature|9.16.1,org.wso2.carbon.apimgt|org.wso2.carbon.apimgt.tokenmgt|9.16.1,"[9.16.1,9.22.72]",6,success,,,
org.wso2.am.choreo.extensions|org.wso2.am.choreo.extensions.token.handler.feature|1.1.29,org.wso2.am.choreo.extensions|org.wso2.am.choreo.extensions.token.handler|1.1.29,"[1.1.29,1.1.43]",6,success,,,
org.wso2.am.choreo.extensions|org.wso2.am.choreo.extensions.persistence.mongodb|1.1.45,org.wso2.am.choreo.extensions|org.wso2.am.choreo.extensions.token.handler|1.1.45,No suitable version,6,failed,,Y,
org.wso2.carbon.apimgt|org.wso2.carbon.apimgt.tokenmgt.feature|9.15.2,org.wso2.carbon.apimgt|org.wso2.carbon.apimgt.tokenmgt|9.15.2,"[9.15.2,9.22.72]",6,success,,,
org.wso2.am.choreo.extensions|org.wso2.am.choreo.extensions.operation.policy.provider.bcentralprovider|1.1.25,org.wso2.am.choreo.extensions|org.wso2.am.choreo.extensions.token.handler|1.1.25,"[1.1.25,1.1.43]",6,success,,,
org.wso2.am.choreo.extensions|org.wso2.am.choreo.extensions.token.handler.feature|1.0.68,org.wso2.am.choreo.extensions|org.wso2.am.choreo.extensions.token.handler|1.0.68,"[1.0.68,1.1.43]",6,success,,,
org.wso2.carbon.apimgt|org.wso2.carbon.apimgt.keymanager.feature|9.16.3,org.wso2.carbon.apimgt|org.wso2.carbon.apimgt.keymgt|9.16.3,"[9.16.3,9.22.84]",6,success,,,
org.wso2.am.choreo.extensions|org.wso2.am.choreo.extensions.operation.policy.provider.bcentralprovider|1.1.36,org.wso2.am.choreo.extensions|org.wso2.am.choreo.extensions.token.handler|1.1.36,"[1.1.36,1.1.43]",6,success,,,
org.wso2.carbon.apimgt|org.wso2.carbon.apimgt.tokenmgt.feature|9.14.5,org.wso2.carbon.apimgt|org.wso2.carbon.apimgt.tokenmgt|9.14.5,"[9.14.5,9.22.72]",6,success,,,
org.wso2.am.choreo.extensions|org.wso2.am.choreo.extensions.operation.policy.provider.bcentralprovider|1.1.21,org.wso2.am.choreo.extensions|org.wso2.am.choreo.extensions.token.handler|1.1.21,"[1.1.21,1.1.43]",6,success,,,
org.wso2.am.choreo.extensions|org.wso2.am.choreo.extensions.token.handler.feature|1.1.24,org.wso2.am.choreo.extensions|org.wso2.am.choreo.extensions.token.handler|1.1.24,"[1.1.24,1.1.43]",6,success,,,
org.wso2.am.choreo.extensions|org.wso2.am.choreo.extensions.token.handler.feature|1.0.92,org.wso2.am.choreo.extensions|org.wso2.am.choreo.extensions.token.handler|1.0.92,"[1.0.92,1.1.43]",6,success,,,
org.wso2.am.choreo.extensions|org.wso2.am.choreo.extensions.token.handler.feature|1.1.34,org.wso2.am.choreo.extensions|org.wso2.am.choreo.extensions.token.handler|1.1.34,"[1.1.34,1.1.43]",6,success,,,
org.wso2.carbon.apimgt|org.wso2.carbon.apimgt.keymanager.feature|9.16.1,org.wso2.carbon.apimgt|org.wso2.carbon.apimgt.keymgt|9.16.1,"[9.16.1,9.22.84]",6,success,,,
org.wso2.carbon.apimgt|org.wso2.carbon.apimgt.gateway|9.14.4,org.wso2.carbon.apimgt|org.wso2.carbon.apimgt.keymgt|9.14.4,"[9.14.4,9.22.84]",6,success,,,
org.wso2.carbon.apimgt|org.wso2.carbon.apimgt.gateway|9.14.6,org.wso2.carbon.apimgt|org.wso2.carbon.apimgt.keymgt|9.14.6,"[9.14.6,9.22.84]",6,success,,,
org.wso2.am.choreo.extensions|org.wso2.am.choreo.extensions.token.handler.feature|1.0.85,org.wso2.am.choreo.extensions|org.wso2.am.choreo.extensions.token.handler|1.0.85,"[1.0.85,1.1.43]",6,success,,,
org.wso2.am.choreo.extensions|org.wso2.am.choreo.extensions.token.handler.feature|1.1.1,org.wso2.am.choreo.extensions|org.wso2.am.choreo.extensions.token.handler|1.1.1,"[1.1.1,1.1.43]",6,success,,,
org.wso2.carbon.apimgt|org.wso2.carbon.apimgt.tokenmgt.feature|9.14.7,org.wso2.carbon.apimgt|org.wso2.carbon.apimgt.tokenmgt|9.14.7,"[9.14.7,9.22.72]",6,success,,,
org.wso2.carbon.apimgt|org.wso2.carbon.apimgt.tokenmgt.feature|9.15.1,org.wso2.carbon.apimgt|org.wso2.carbon.apimgt.tokenmgt|9.15.1,"[9.15.1,9.22.72]",6,success,,,
org.wso2.carbon.apimgt|org.wso2.carbon.apimgt.keymanager.feature|9.14.4,org.wso2.carbon.apimgt|org.wso2.carbon.apimgt.keymgt|9.14.4,"[9.14.4,9.22.84]",6,success,,,
org.wso2.am.choreo.extensions|org.wso2.am.choreo.extensions.token.handler.feature|1.1.23,org.wso2.am.choreo.extensions|org.wso2.am.choreo.extensions.token.handler|1.1.23,"[1.1.23,1.1.43]",6,success,,,
org.wso2.am.choreo.extensions|org.wso2.am.choreo.extensions.persistence.mongodb|1.1.41,org.wso2.am.choreo.extensions|org.wso2.am.choreo.extensions.token.handler|1.1.41,"[1.1.41,1.1.43]",6,success,,,
org.wso2.carbon.apimgt|org.wso2.carbon.apimgt.gateway|9.15.4,org.wso2.carbon.apimgt|org.wso2.carbon.apimgt.keymgt|9.15.4,"[9.15.4,9.22.84]",6,success,,,
org.wso2.carbon.apimgt|org.wso2.carbon.apimgt.tokenmgt.feature|9.14.9,org.wso2.carbon.apimgt|org.wso2.carbon.apimgt.tokenmgt|9.14.9,"[9.14.9,9.22.72]",6,success,,,
org.wso2.am.choreo.extensions|org.wso2.am.choreo.extensions.operation.policy.provider.bcentralprovider|1.1.31,org.wso2.am.choreo.extensions|org.wso2.am.choreo.extensions.token.handler|1.1.31,"[1.1.31,1.1.43]",6,success,,,
org.wso2.am.choreo.extensions|org.wso2.am.choreo.extensions.token.handler.feature|1.0.98,org.wso2.am.choreo.extensions|org.wso2.am.choreo.extensions.token.handler|1.0.98,"[1.0.98,1.1.43]",6,success,,,
org.wso2.am.choreo.extensions|org.wso2.am.choreo.extensions.token.handler.feature|1.0.69,org.wso2.am.choreo.extensions|org.wso2.am.choreo.extensions.token.handler|1.0.69,"[1.0.69,1.1.43]",6,success,,,
org.wso2.carbon.apimgt|org.wso2.carbon.apimgt.gateway|9.15.3,org.wso2.carbon.apimgt|org.wso2.carbon.apimgt.keymgt|9.15.3,"[9.15.3,9.22.84]",6,success,,,
org.wso2.km.ext.wso2is|distribution|1.6.4,org.wso2.km.ext.wso2is|wso2is.key.manager.core|1.6.4,No suitable version,6,failed,,Y,
org.wso2.carbon.apimgt|org.wso2.carbon.apimgt.keymanager.feature|9.14.5,org.wso2.carbon.apimgt|org.wso2.carbon.apimgt.keymgt|9.14.5,"[9.14.5,9.22.84]",6,success,,,
org.wso2.am.choreo.extensions|org.wso2.am.choreo.extensions.operation.policy.provider.bcentralprovider|1.1.20,org.wso2.am.choreo.extensions|org.wso2.am.choreo.extensions.token.handler|1.1.20,"[1.1.20,1.1.43]",6,success,,,
org.wso2.am.choreo.extensions|org.wso2.am.choreo.extensions.operation.policy.provider.bcentralprovider|1.1.27,org.wso2.am.choreo.extensions|org.wso2.am.choreo.extensions.token.handler|1.1.27,"[1.1.27,1.1.43]",6,success,,,
org.wso2.am.choreo.extensions|org.wso2.am.choreo.extensions.token.handler.feature|1.0.94,org.wso2.am.choreo.extensions|org.wso2.am.choreo.extensions.token.handler|1.0.94,"[1.0.94,1.1.43]",6,success,,,
org.wso2.am.choreo.extensions|org.wso2.am.choreo.extensions.token.handler.feature|1.1.45,org.wso2.am.choreo.extensions|org.wso2.am.choreo.extensions.token.handler|1.1.45,No suitable version,6,failed,,Y,
org.wso2.am.choreo.extensions|org.wso2.am.choreo.extensions.operation.policy.provider.bcentralprovider|1.1.40,org.wso2.am.choreo.extensions|org.wso2.am.choreo.extensions.token.handler|1.1.40,"[1.1.40,1.1.43]",6,success,,,
org.wso2.carbon.apimgt|org.wso2.carbon.apimgt.tokenmgt.feature|9.14.6,org.wso2.carbon.apimgt|org.wso2.carbon.apimgt.tokenmgt|9.14.6,"[9.14.6,9.22.72]",6,success,,,
org.wso2.am.choreo.extensions|org.wso2.am.choreo.extensions.operation.policy.provider.bcentralprovider|1.1.29,org.wso2.am.choreo.extensions|org.wso2.am.choreo.extensions.token.handler|1.1.29,"[1.1.29,1.1.43]",6,success,,,
org.wso2.carbon.apimgt|org.wso2.carbon.apimgt.gateway|9.16.0,org.wso2.carbon.apimgt|org.wso2.carbon.apimgt.keymgt|9.16.0,"[9.16.0,9.22.84]",6,success,,,
org.wso2.carbon.apimgt|org.wso2.carbon.apimgt.gateway|9.15.0,org.wso2.carbon.apimgt|org.wso2.carbon.apimgt.keymgt|9.15.0,"[9.15.0,9.22.84]",6,success,,,
org.wso2.am.choreo.extensions|org.wso2.am.choreo.extensions.token.handler.feature|1.0.74,org.wso2.am.choreo.extensions|org.wso2.am.choreo.extensions.token.handler|1.0.74,"[1.0.74,1.1.43]",6,success,,,
org.daisy.pipeline.modules|dtbook-utils|3.0.0,org.daisy.pipeline.modules|metadata-utils|2.0.1,No suitable version,6,failed,,Y,
org.wso2.am.choreo.extensions|org.wso2.am.choreo.extensions.persistence.mongodb|1.1.36,org.wso2.am.choreo.extensions|org.wso2.am.choreo.extensions.token.handler|1.1.36,"[1.1.36,1.1.43]",6,success,,,
org.wso2.am.choreo.extensions|org.wso2.am.choreo.extensions.token.handler.feature|1.1.3,org.wso2.am.choreo.extensions|org.wso2.am.choreo.extensions.token.handler|1.1.3,"[1.1.3,1.1.43]",6,success,,,
org.wso2.am.choreo.extensions|org.wso2.am.choreo.extensions.token.handler.feature|1.1.20,org.wso2.am.choreo.extensions|org.wso2.am.choreo.extensions.token.handler|1.1.20,"[1.1.20,1.1.43]",6,success,,,
org.wso2.carbon.apimgt|org.wso2.carbon.apimgt.keymanager.feature|9.16.0,org.wso2.carbon.apimgt|org.wso2.carbon.apimgt.keymgt|9.16.0,"[9.16.0,9.22.84]",6,success,,,
org.dashbuilder|dashbuilder-distros|7.66.0.Final,org.dashbuilder|dashbuilder-webapp|7.66.0.Final,No suitable version,6,failed,,Y,
org.wso2.am.choreo.extensions|org.wso2.am.choreo.extensions.oauth.feature|1.0.74,org.wso2.am.choreo.extensions|org.wso2.am.choreo.extensions.oauth|1.0.74,"[1.0.74,1.0.82]",6,success,,,
org.wso2.am.choreo.extensions|org.wso2.am.choreo.extensions.operation.policy.provider.bcentralprovider|1.1.45,org.wso2.am.choreo.extensions|org.wso2.am.choreo.extensions.token.handler|1.1.45,No suitable version,6,failed,,Y,
org.wso2.am.choreo.extensions|org.wso2.am.choreo.extensions.token.handler.feature|1.0.70,org.wso2.am.choreo.extensions|org.wso2.am.choreo.extensions.token.handler|1.0.70,"[1.0.70,1.1.43]",6,success,,,
org.wso2.carbon.apimgt|org.wso2.carbon.apimgt.gateway|9.14.8,org.wso2.carbon.apimgt|org.wso2.carbon.apimgt.keymgt|9.14.8,"[9.14.8,9.22.84]",6,success,,,
org.wso2.am.choreo.extensions|org.wso2.am.choreo.extensions.persistence.mongodb|1.1.38,org.wso2.am.choreo.extensions|org.wso2.am.choreo.extensions.token.handler|1.1.38,"[1.1.38,1.1.43]",6,success,,,
org.wso2.am.choreo.extensions|org.wso2.am.choreo.extensions.persistence.mongodb|1.1.39,org.wso2.am.choreo.extensions|org.wso2.am.choreo.extensions.token.handler|1.1.39,"[1.1.39,1.1.43]",6,success,,,
org.wso2.carbon.apimgt|org.wso2.carbon.apimgt.gateway|9.14.9,org.wso2.carbon.apimgt|org.wso2.carbon.apimgt.keymgt|9.14.9,"[9.14.9,9.22.84]",6,success,,,
org.wso2.am.choreo.extensions|org.wso2.am.choreo.extensions.persistence.mongodb|1.1.35,org.wso2.am.choreo.extensions|org.wso2.am.choreo.extensions.token.handler|1.1.35,"[1.1.35,1.1.43]",6,success,,,
org.wso2.am.choreo.extensions|org.wso2.am.choreo.extensions.token.handler.feature|1.0.67,org.wso2.am.choreo.extensions|org.wso2.am.choreo.extensions.token.handler|1.0.67,"[1.0.67,1.1.43]",6,success,,,
org.wso2.am.choreo.extensions|org.wso2.am.choreo.extensions.operation.policy.provider.bcentralprovider|1.1.47,org.wso2.am.choreo.extensions|org.wso2.am.choreo.extensions.token.handler|1.1.47,No suitable version,6,failed,,Y,
org.wso2.carbon.apimgt|org.wso2.carbon.apimgt.keymanager.feature|9.15.0,org.wso2.carbon.apimgt|org.wso2.carbon.apimgt.keymgt|9.15.0,"[9.15.0,9.22.84]",6,success,,,
org.wso2.carbon.apimgt|org.wso2.carbon.apimgt.keymanager.feature|9.15.2,org.wso2.carbon.apimgt|org.wso2.carbon.apimgt.keymgt|9.15.2,"[9.15.2,9.22.84]",6,success,,,
org.wso2.am.choreo.extensions|org.wso2.am.choreo.extensions.operation.policy.provider.bcentralprovider|1.1.30,org.wso2.am.choreo.extensions|org.wso2.am.choreo.extensions.token.handler|1.1.30,"[1.1.30,1.1.43]",6,success,,,
org.wso2.am.choreo.extensions|org.wso2.am.choreo.extensions.token.handler.feature|1.0.66,org.wso2.am.choreo.extensions|org.wso2.am.choreo.extensions.token.handler|1.0.66,"[1.0.66,1.1.43]",6,success,,,
org.wso2.am.choreo.extensions|org.wso2.am.choreo.extensions.persistence.mongodb|1.1.42,org.wso2.am.choreo.extensions|org.wso2.am.choreo.extensions.token.handler|1.1.42,"[1.1.42,1.1.43]",6,success,,,
org.wso2.am.choreo.extensions|org.wso2.am.choreo.extensions.token.handler.feature|1.0.91,org.wso2.am.choreo.extensions|org.wso2.am.choreo.extensions.token.handler|1.0.91,"[1.0.91,1.1.43]",6,success,,,
org.wso2.am.choreo.extensions|org.wso2.am.choreo.extensions.token.handler.feature|1.1.2,org.wso2.am.choreo.extensions|org.wso2.am.choreo.extensions.token.handler|1.1.2,"[1.1.2,1.1.43]",6,success,,,
org.wso2.am.choreo.extensions|org.wso2.am.choreo.extensions.token.handler.feature|1.1.44,org.wso2.am.choreo.extensions|org.wso2.am.choreo.extensions.token.handler|1.1.44,No suitable version,6,failed,,Y,
org.wso2.am.choreo.extensions|org.wso2.am.choreo.extensions.operation.policy.provider.bcentralprovider|1.1.22,org.wso2.am.choreo.extensions|org.wso2.am.choreo.extensions.token.handler|1.1.22,"[1.1.22,1.1.43]",6,success,,,
org.wso2.am.choreo.extensions|org.wso2.am.choreo.extensions.token.handler.feature|1.1.26,org.wso2.am.choreo.extensions|org.wso2.am.choreo.extensions.token.handler|1.1.26,"[1.1.26,1.1.43]",6,success,,,
org.wso2.km.ext.wso2is|distribution|1.6.2,org.wso2.km.ext.wso2is|wso2is.key.manager.core|1.6.2,"[1.6.2,1.6.3]",6,success,,,
org.wso2.carbon.apimgt|org.wso2.carbon.apimgt.gateway|9.14.7,org.wso2.carbon.apimgt|org.wso2.carbon.apimgt.keymgt|9.14.7,"[9.14.7,9.22.84]",6,success,,,
org.wso2.am.choreo.extensions|org.wso2.am.choreo.extensions.token.handler.feature|1.1.47,org.wso2.am.choreo.extensions|org.wso2.am.choreo.extensions.token.handler|1.1.47,No suitable version,6,failed,,Y,
org.wso2.am.choreo.extensions|org.wso2.am.choreo.extensions.token.handler.feature|1.0.95,org.wso2.am.choreo.extensions|org.wso2.am.choreo.extensions.token.handler|1.0.95,"[1.0.95,1.1.43]",6,success,,,
org.wso2.carbon.apimgt|org.wso2.carbon.apimgt.gateway|9.16.1,org.wso2.carbon.apimgt|org.wso2.carbon.apimgt.keymgt|9.16.1,"[9.16.1,9.22.84]",6,success,,,
org.wso2.km.ext.wso2is|distribution|1.6.1,org.wso2.km.ext.wso2is|wso2is.key.manager.core|1.6.1,"[1.6.1,1.6.3]",6,success,,,
org.wso2.am.choreo.extensions|org.wso2.am.choreo.extensions.token.handler.feature|1.1.33,org.wso2.am.choreo.extensions|org.wso2.am.choreo.extensions.token.handler|1.1.33,"[1.1.33,1.1.43]",6,success,,,
org.wso2.am.choreo.extensions|org.wso2.am.choreo.extensions.token.handler.feature|1.0.96,org.wso2.am.choreo.extensions|org.wso2.am.choreo.extensions.token.handler|1.0.96,"[1.0.96,1.1.43]",6,success,,,
org.wso2.km.ext.wso2is|distribution|1.6.5,org.wso2.km.ext.wso2is|wso2is.key.manager.core|1.6.5,No suitable version,6,failed,,Y,
org.wso2.carbon.apimgt|org.wso2.carbon.apimgt.tokenmgt.feature|9.14.4,org.wso2.carbon.apimgt|org.wso2.carbon.apimgt.tokenmgt|9.14.4,"[9.14.4,9.22.72]",6,success,,,
org.wso2.carbon.apimgt|org.wso2.carbon.apimgt.keymanager.feature|9.14.9,org.wso2.carbon.apimgt|org.wso2.carbon.apimgt.keymgt|9.14.9,"[9.14.9,9.22.84]",6,success,,,
org.wso2.carbon.apimgt|org.wso2.carbon.apimgt.tokenmgt.feature|9.16.3,org.wso2.carbon.apimgt|org.wso2.carbon.apimgt.tokenmgt|9.16.3,"[9.16.3,9.22.72]",6,success,,,
org.wso2.am.choreo.extensions|org.wso2.am.choreo.extensions.token.handler.feature|1.1.17,org.wso2.am.choreo.extensions|org.wso2.am.choreo.extensions.token.handler|1.1.17,"[1.1.17,1.1.43]",6,success,,,
org.wso2.carbon.apimgt|org.wso2.carbon.apimgt.tokenmgt.feature|9.15.4,org.wso2.carbon.apimgt|org.wso2.carbon.apimgt.tokenmgt|9.15.4,"[9.15.4,9.22.72]",6,success,,,
org.wso2.carbon.apimgt|org.wso2.carbon.apimgt.tokenmgt.feature|9.16.0,org.wso2.carbon.apimgt|org.wso2.carbon.apimgt.tokenmgt|9.16.0,"[9.16.0,9.22.72]",6,success,,,
org.wso2.am.choreo.extensions|org.wso2.am.choreo.extensions.token.handler.feature|1.1.36,org.wso2.am.choreo.extensions|org.wso2.am.choreo.extensions.token.handler|1.1.36,"[1.1.36,1.1.43]",6,success,,,
org.wso2.am.choreo.extensions|org.wso2.am.choreo.extensions.token.handler.feature|1.1.4,org.wso2.am.choreo.extensions|org.wso2.am.choreo.extensions.token.handler|1.1.4,"[1.1.4,1.1.43]",6,success,,,
org.wso2.carbon.apimgt|org.wso2.carbon.apimgt.tokenmgt.feature|9.15.0,org.wso2.carbon.apimgt|org.wso2.carbon.apimgt.tokenmgt|9.15.0,"[9.15.0,9.22.72]",6,success,,,
org.wso2.am.choreo.extensions|org.wso2.am.choreo.extensions.persistence.mongodb|1.1.47,org.wso2.am.choreo.extensions|org.wso2.am.choreo.extensions.token.handler|1.1.47,No suitable version,6,failed,,Y,
org.wso2.am.choreo.extensions|org.wso2.am.choreo.extensions.token.handler.feature|1.1.35,org.wso2.am.choreo.extensions|org.wso2.am.choreo.extensions.token.handler|1.1.35,"[1.1.35,1.1.43]",6,success,,,
org.wso2.am.choreo.extensions|org.wso2.am.choreo.extensions.token.handler.feature|1.1.18,org.wso2.am.choreo.extensions|org.wso2.am.choreo.extensions.token.handler|1.1.18,"[1.1.18,1.1.43]",6,success,,,
org.wso2.am.choreo.extensions|org.wso2.am.choreo.extensions.token.handler.feature|1.0.72,org.wso2.am.choreo.extensions|org.wso2.am.choreo.extensions.token.handler|1.0.72,"[1.0.72,1.1.43]",6,success,,,
org.wso2.am.choreo.extensions|org.wso2.am.choreo.extensions.persistence.mongodb|1.1.40,org.wso2.am.choreo.extensions|org.wso2.am.choreo.extensions.token.handler|1.1.40,"[1.1.40,1.1.43]",6,success,,,
org.wso2.am.choreo.extensions|org.wso2.am.choreo.extensions.token.handler.feature|1.1.37,org.wso2.am.choreo.extensions|org.wso2.am.choreo.extensions.token.handler|1.1.37,"[1.1.37,1.1.43]",6,success,,,
org.wso2.am.choreo.extensions|org.wso2.am.choreo.extensions.token.handler.feature|1.1.40,org.wso2.am.choreo.extensions|org.wso2.am.choreo.extensions.token.handler|1.1.40,"[1.1.40,1.1.43]",6,success,,,
org.wso2.am.choreo.extensions|org.wso2.am.choreo.extensions.token.handler.feature|1.1.0,org.wso2.am.choreo.extensions|org.wso2.am.choreo.extensions.token.handler|1.1.0,"[1.1.0,1.1.43]",6,success,,,
org.wso2.am.choreo.extensions|org.wso2.am.choreo.extensions.operation.policy.provider.bcentralprovider|1.1.37,org.wso2.am.choreo.extensions|org.wso2.am.choreo.extensions.token.handler|1.1.37,"[1.1.37,1.1.43]",6,success,,,
org.wso2.am.choreo.extensions|org.wso2.am.choreo.extensions.token.handler.feature|1.1.19,org.wso2.am.choreo.extensions|org.wso2.am.choreo.extensions.token.handler|1.1.19,"[1.1.19,1.1.43]",6,success,,,
org.dashbuilder|dashbuilder-distros|7.65.0.Final,org.dashbuilder|dashbuilder-webapp|7.65.0.Final,No suitable version,6,failed,,Y,
org.daisy.pipeline.modules|dtbook-utils|3.1.0,org.daisy.pipeline.modules|metadata-utils|2.0.1,No suitable version,6,failed,,Y,
org.wso2.am.choreo.extensions|org.wso2.am.choreo.extensions.token.handler.feature|1.1.39,org.wso2.am.choreo.extensions|org.wso2.am.choreo.extensions.token.handler|1.1.39,"[1.1.39,1.1.43]",6,success,,,
org.wso2.am.choreo.extensions|org.wso2.am.choreo.extensions.token.handler.feature|1.1.38,org.wso2.am.choreo.extensions|org.wso2.am.choreo.extensions.token.handler|1.1.38,"[1.1.38,1.1.43]",6,success,,,
org.wso2.am.choreo.extensions|org.wso2.am.choreo.extensions.operation.policy.provider.bcentralprovider|1.1.34,org.wso2.am.choreo.extensions|org.wso2.am.choreo.extensions.token.handler|1.1.34,"[1.1.34,1.1.43]",6,success,,,
org.wso2.am.choreo.extensions|org.wso2.am.choreo.extensions.token.handler.feature|1.0.88,org.wso2.am.choreo.extensions|org.wso2.am.choreo.extensions.token.handler|1.0.88,"[1.0.88,1.1.43]",6,success,,,
com.innovenso.townplanner|innovenso-townplanner-io-plantuml|3.0.2,com.innovenso.townplanner|innovenso-townplanner-io|3.0.1,"[3.0.1,3.0.2]",6,success,,,
org.wso2.carbon.apimgt|org.wso2.carbon.apimgt.gateway|9.15.5,org.wso2.carbon.apimgt|org.wso2.carbon.apimgt.keymgt|9.15.5,"[9.15.5,9.22.84]",6,success,,,
org.wso2.am.choreo.extensions|org.wso2.am.choreo.extensions.operation.policy.provider.bcentralprovider|1.1.46,org.wso2.am.choreo.extensions|org.wso2.am.choreo.extensions.token.handler|1.1.46,No suitable version,6,failed,,Y,
org.wso2.am.choreo.extensions|org.wso2.am.choreo.extensions.operation.policy.provider.bcentralprovider|1.1.41,org.wso2.am.choreo.extensions|org.wso2.am.choreo.extensions.token.handler|1.1.41,"[1.1.41,1.1.43]",6,success,,,
org.wso2.am.choreo.extensions|org.wso2.am.choreo.extensions.operation.policy.provider.bcentralprovider|1.1.17,org.wso2.am.choreo.extensions|org.wso2.am.choreo.extensions.token.handler|1.1.17,"[1.1.17,1.1.43]",6,success,,,
org.wso2.am.choreo.extensions|org.wso2.am.choreo.extensions.operation.policy.provider.bcentralprovider|1.1.19,org.wso2.am.choreo.extensions|org.wso2.am.choreo.extensions.token.handler|1.1.19,"[1.1.19,1.1.43]",6,success,,,
org.wso2.carbon.identity.carbon.auth.iwa|org.wso2.carbon.identity.authenticator.iwa.ui|5.5.0,org.wso2.carbon.identity.inbound.auth.sts|org.wso2.carbon.identity.sts.mgt|5.6.0,No suitable version,6,failed,,Y,
org.wso2.am.choreo.extensions|org.wso2.am.choreo.extensions.operation.policy.provider.bcentralprovider|1.1.26,org.wso2.am.choreo.extensions|org.wso2.am.choreo.extensions.token.handler|1.1.26,"[1.1.26,1.1.43]",6,success,,,
org.wso2.am.choreo.extensions|org.wso2.am.choreo.extensions.operation.policy.provider.bcentralprovider|1.1.23,org.wso2.am.choreo.extensions|org.wso2.am.choreo.extensions.token.handler|1.1.23,"[1.1.23,1.1.43]",6,success,,,
org.wso2.am.choreo.extensions|org.wso2.am.choreo.extensions.persistence.mongodb|1.1.34,org.wso2.am.choreo.extensions|org.wso2.am.choreo.extensions.token.handler|1.1.34,"[1.1.34,1.1.43]",6,success,,,
org.wso2.carbon.apimgt|org.wso2.carbon.apimgt.tokenmgt.feature|9.14.8,org.wso2.carbon.apimgt|org.wso2.carbon.apimgt.tokenmgt|9.14.8,null,6,failed,Y,,
org.wso2.am.choreo.extensions|org.wso2.am.choreo.extensions.token.handler.feature|1.0.97,org.wso2.am.choreo.extensions|org.wso2.am.choreo.extensions.token.handler|1.0.97,null,6,failed,Y,,
org.wso2.am.choreo.extensions|org.wso2.am.choreo.extensions.token.handler.feature|1.1.22,org.wso2.am.choreo.extensions|org.wso2.am.choreo.extensions.token.handler|1.1.22,null,6,failed,Y,,
org.wso2.am.choreo.extensions|org.wso2.am.choreo.extensions.token.handler.feature|1.1.31,org.wso2.am.choreo.extensions|org.wso2.am.choreo.extensions.token.handler|1.1.31,null,6,failed,Y,,
org.wso2.am.choreo.extensions|org.wso2.am.choreo.extensions.token.handler.feature|1.1.4.2,org.wso2.am.choreo.extensions|org.wso2.am.choreo.extensions.token.handler|1.1.4.2,null,6,failed,Y,,
org.wso2.carbon.apimgt|org.wso2.carbon.apimgt.keymanager.feature|9.14.8,org.wso2.carbon.apimgt|org.wso2.carbon.apimgt.keymgt|9.14.8,null,6,failed,Y,,
org.wso2.am.choreo.extensions|org.wso2.am.choreo.extensions.token.handler.feature|1.0.65,org.wso2.am.choreo.extensions|org.wso2.am.choreo.extensions.token.handler|1.0.65,null,6,failed,Y,,
org.wso2.am.choreo.extensions|org.wso2.am.choreo.extensions.token.handler.feature|1.0.83,org.wso2.am.choreo.extensions|org.wso2.am.choreo.extensions.token.handler|1.0.83,null,6,failed,Y,,
org.wso2.am.choreo.extensions|org.wso2.am.choreo.extensions.token.handler.feature|1.1.4.1,org.wso2.am.choreo.extensions|org.wso2.am.choreo.extensions.token.handler|1.1.4.1,null,6,failed,Y,,
org.wso2.carbon.apimgt|org.wso2.carbon.apimgt.keymanager.feature|9.15.3,org.wso2.carbon.apimgt|org.wso2.carbon.apimgt.keymgt|9.15.3,null,6,failed,Y,,
org.wso2.carbon.apimgt|org.wso2.carbon.apimgt.keymanager.feature|9.15.4,org.wso2.carbon.apimgt|org.wso2.carbon.apimgt.keymgt|9.15.4,null,6,failed,Y,,
org.wso2.am.choreo.extensions|org.wso2.am.choreo.extensions.token.handler.feature|1.1.21,org.wso2.am.choreo.extensions|org.wso2.am.choreo.extensions.token.handler|1.1.21,null,6,failed,Y,,
org.wso2.carbon.apimgt|org.wso2.carbon.apimgt.keymanager.feature|9.14.6,org.wso2.carbon.apimgt|org.wso2.carbon.apimgt.keymgt|9.14.6,null,6,failed,Y,,
org.wso2.km.ext.wso2is|distribution|1.6.8,org.wso2.km.ext.wso2is|wso2is.key.manager.core|1.6.8,null,6,failed,Y,,
org.wso2.carbon.identity.inbound.auth.sts|org.wso2.carbon.identity.sts.mgt.server.feature|5.10.0,org.wso2.carbon.identity.inbound.auth.sts|org.wso2.carbon.identity.sts.mgt|5.10.0,null,6,failed,Y,,
org.wso2.am.choreo.extensions|org.wso2.am.choreo.extensions.token.handler.feature|1.1.41,org.wso2.am.choreo.extensions|org.wso2.am.choreo.extensions.token.handler|1.1.41,null,6,failed,Y,,
org.wso2.am.choreo.extensions|org.wso2.am.choreo.extensions.token.handler.feature|1.0.90,org.wso2.am.choreo.extensions|org.wso2.am.choreo.extensions.token.handler|1.0.90,null,6,failed,Y,,
org.wso2.am.choreo.extensions|org.wso2.am.choreo.extensions.operation.policy.provider.bcentralprovider|1.1.33,org.wso2.am.choreo.extensions|org.wso2.am.choreo.extensions.token.handler|1.1.33,"[1.1.33,1.1.43]",6,success,,,
org.wso2.am.choreo.extensions|org.wso2.am.choreo.extensions.operation.policy.provider.bcentralprovider|1.1.38,org.wso2.am.choreo.extensions|org.wso2.am.choreo.extensions.token.handler|1.1.38,"[1.1.38,1.1.43]",6,success,,,