ga,version,repository,tag_name,tag_commit,err
au.com.acegi:xml-format-maven-plugin,3.2.2,,,,NO_GITHUB
au.com.acegi:xml-format-maven-plugin,3.3.1,,,,NO_GITHUB
ch.qos.logback:logback-classic,1.2.11,qos-ch/logback,v_1.2.11,4eb2914cb65214d13e14a9ed3dfb9f044df98358,
ch.qos.logback:logback-classic,1.2.13,qos-ch/logback,v_1.2.13,2648b9e7fbb47426c89b9c93b411c07484e8f277,
ch.qos.logback:logback-classic,1.4.11,qos-ch/logback,v_1.4.11,4b159c48c6f30a4b0b7fda9b44d068a4f03b98db,
ch.qos.logback:logback-classic,1.4.12,qos-ch/logback,v_1.4.12,88abf59a18720854f4f55feb8d8f6951cfaf6037,
ch.qos.logback:logback-classic,1.4.14,qos-ch/logback,v_1.4.14,407f935603f3f4d7825e4f57f85ed494da3b7197,
ch.qos.logback:logback-classic,1.5.0,qos-ch/logback,v_1.5.0,6beda7b9d4bf2cbab4129da11efa6a635304a478,
ch.qos.logback:logback-classic,1.5.2,qos-ch/logback,,,NO_TAG
ch.qos.logback:logback-classic,1.5.3,qos-ch/logback,v_1.5.3,f2d8a1a30adddd5b53a906fa5fa2dd8e7fd70911,
ch.qos.logback:logback-classic,1.5.5,qos-ch/logback,v_1.5.5,c7c5e89a857bba3fc09f1912cc912b25ee124505,
ch.qos.logback:logback-classic,1.5.6,qos-ch/logback,v_1.5.6,7812a55f3280fbb74076b2512a06dd34230a83f1,
ch.qos.logback:logback-core,1.2.11,qos-ch/logback,v_1.2.11,4eb2914cb65214d13e14a9ed3dfb9f044df98358,
ch.qos.logback:logback-core,1.2.13,qos-ch/logback,v_1.2.13,2648b9e7fbb47426c89b9c93b411c07484e8f277,
cn.hutool:hutool-all,5.8.24,dromara/hutool,5.8.24,6f9279a3132155896994dab078ba90d822334ca4,
cn.hutool:hutool-all,5.8.25,dromara/hutool,5.8.25,3a1c7538f30855b867e23f70179e5a29692543f5,
com.alibaba:druid,1.2.16,alibaba/druid,1.2.16,b9c97ee18243088be3cf9cd748bef842d59d9c85,
com.alibaba:druid,1.2.20,alibaba/druid,1.2.20,720fa90033c96d589f119576e218b17071b79170,
com.alibaba:fastjson,2.0.31,alibaba/fastjson2,2.0.31,6e9dd86b2d500dbb859869988dba6fc4426d7078,
com.alibaba:fastjson,2.0.35,alibaba/fastjson2,2.0.35,a7a4078cca1e7da893e53519bc392ae6ab7dc45a,
com.alibaba:fastjson,2.0.38,alibaba/fastjson2,2.0.38,bfe3499fa80206c1323f106fab052f478729e42a,
com.alibaba:fastjson,2.0.40,alibaba/fastjson2,2.0.40,23592b052d32461533b2207322ae410e1367d9b9,
com.alibaba:fastjson,2.0.44,alibaba/fastjson2,2.0.44,10a70534bc91c64d8ec8aa014b2a3386a30a6c5c,
com.alibaba:fastjson,2.0.45,alibaba/fastjson2,2.0.45,5263b8adc2cc89a94e802776d6ab738223cb6add,
com.alibaba:fastjson,2.0.46,alibaba/fastjson2,2.0.46,f60679c4ea3494ec29c8fbfeefad42b90a1363cd,
com.alibaba:fastjson,2.0.47,alibaba/fastjson2,2.0.47,f0f06b0a5876f75475cf325097365b1b515238d6,
com.alibaba:fastjson,2.0.48,alibaba/fastjson2,2.0.48,d0313b4d80b55df4fe390a6cc9de2d586294c1bd,
com.alibaba:transmittable-thread-local,2.14.3,alibaba/transmittable-thread-local,v2.14.3,b8e4ccf587afc6a2f88a2565eb9edfd41b6c2424,
com.alibaba:transmittable-thread-local,2.14.4,alibaba/transmittable-thread-local,v2.14.4,c3b653481625822397d65175977e6105cd240d2a,
com.aliyun.odps:odps-sdk-core,0.45.1-public,,,,NO_GITHUB
com.aliyun.odps:odps-sdk-core,0.45.2-public,,,,NO_GITHUB
com.aliyun.odps:odps-sdk-core,0.45.3-public,,,,NO_GITHUB
com.aliyun.odps:odps-sdk-core,0.45.5-public,,,,NO_GITHUB
com.aliyun.odps:odps-sdk-core,0.45.6-public,,,,NO_GITHUB
com.aliyun.odps:odps-sdk-udf,0.43.4-public,,,,NO_GITHUB
com.aliyun.odps:odps-sdk-udf,0.45.1-public,,,,NO_GITHUB
com.aliyun.odps:odps-sdk-udf,0.45.2-public,,,,NO_GITHUB
com.aliyun.odps:odps-sdk-udf,0.45.3-public,,,,NO_GITHUB
com.aliyun.odps:odps-sdk-udf,0.45.5-public,,,,NO_GITHUB
com.aliyun.odps:odps-sdk-udf,0.45.6-public,,,,NO_GITHUB
com.aliyun.odps:odps-sdk-udf,0.46.13-public,,,,NO_GITHUB
com.aliyun.odps:odps-sdk-udf,0.48.0-public,,,,NO_GITHUB
com.amazonaws:aws-java-sdk-s3,1.12.695,aws/aws-sdk-java,1.12.695,f3f5543cc45a24aa122866677256486ecb6a1b41,
com.amazonaws:aws-java-sdk-s3,1.12.696,aws/aws-sdk-java,1.12.696,fd5cbc22efcf1b3002a4187fa31bf8c4e43cf7af,
com.amazonaws:aws-java-sdk-s3,1.12.704,aws/aws-sdk-java,1.12.704,4066cae126e509d6da49001afce1baee6a7b2459,
com.amazonaws:aws-java-sdk-s3,1.12.705,aws/aws-sdk-java,1.12.705,6550a1ee0579a1ede17fc48d4752204e9f920c84,
com.azure:azure-core-http-netty,1.13.11,Azure/azure-sdk-for-java,,,NO_TAG
com.azure:azure-core-http-netty,1.14.1,Azure/azure-sdk-for-java,,,NO_TAG
com.azure:azure-core-http-netty,1.14.2,Azure/azure-sdk-for-java,,,NO_TAG
com.baomidou:mybatis-plus,3.5.3.1,Codearte/gradle-nexus-staging-plugin,,,NO_TAG
com.baomidou:mybatis-plus,3.5.6,Codearte/gradle-nexus-staging-plugin,,,NO_TAG
com.codeborne:selenide,7.0.4,selenide/selenide,v7.0.4,989e9cd014770ffe7db92026a8eed459de2e251f,
com.codeborne:selenide,7.0.6,selenide/selenide,v7.0.6,9d917de7219f81e0a612155b03f54d92a52744b5,
com.codeborne:selenide,7.1.0,selenide/selenide,v7.1.0,6aa5f239a07be39c1b2d1b181b444a5cc3c4a73a,
com.codeborne:selenide,7.2.0,selenide/selenide,v7.2.0,dd62fb7999fcdbbc95a87c20d96b5cb3521788f4,
com.codeborne:selenide-testng,7.2.0,selenide/selenide,v7.2.0,dd62fb7999fcdbbc95a87c20d96b5cb3521788f4,
com.codeborne:selenide-testng,7.2.1,selenide/selenide,v7.2.1,c25ee1418f48a7a0cc24347af453a148c5ca33c0,
com.codeborne:selenide-testng,7.2.2,selenide/selenide,v7.2.2,969f68b99d221aeac2ec657ef91a289e01dcd8bd,
com.codeborne:selenide-testng,7.2.3,selenide/selenide,v7.2.3,06852deb50acac637a24fccee94052116ee47ec8,
com.codeborne:selenide-testng,7.3.1,selenide/selenide,v7.3.1,a5d7dede601889b175d27b68ce070dee2e21ef3b,
com.ctrip.framework.apollo:apollo-openapi,2.1.0,apolloconfig/apollo-java,v2.1.0,f8d28868e5c300bca0161885a316cce3639bd342,
com.ctrip.framework.apollo:apollo-openapi,2.2.0,apolloconfig/apollo-java,v2.2.0,2c2b833dc4c68bdcb3da841d4d1436347d946677,
com.electronwill.night-config:core,3.6.6,TheElectronWill/night-config,v3.6.6,8d0cd781813535a528f245b63ec4bf3eccf07396,
com.electronwill.night-config:core,3.6.7,TheElectronWill/night-config,v3.6.7,da96a7762efd9086197a436a0aec75fe278c0560,
com.electronwill.night-config:toml,3.6.6,TheElectronWill/night-config,v3.6.6,8d0cd781813535a528f245b63ec4bf3eccf07396,
com.electronwill.night-config:toml,3.6.7,TheElectronWill/night-config,v3.6.7,da96a7762efd9086197a436a0aec75fe278c0560,
com.fasterxml.jackson.core:jackson-annotations,2.16.0,FasterXML/jackson-annotations,jackson-annotations-2.16.0,1cb67c16933f119694d25a6ead9a09e331d4f60e,
com.fasterxml.jackson.core:jackson-annotations,2.16.1,FasterXML/jackson-annotations,jackson-annotations-2.16.1,e1910b8b7bfda325d450a30f1a121b5cf75d819a,
com.fasterxml.jackson.core:jackson-annotations,2.16.2,FasterXML/jackson-annotations,jackson-annotations-2.16.2,6a2d806e4aec3e481ac8e78532c31fb4cbf29ad7,
com.fasterxml.jackson.core:jackson-annotations,2.17.0,FasterXML/jackson-annotations,jackson-annotations-2.17.0,12c936084e5dfc71522517609afae68398b678bc,
com.fasterxml.jackson.core:jackson-annotations,2.17.1,FasterXML/jackson-annotations,jackson-annotations-2.17.1,f783d72014cd68b0bba01ac9c3dcd4447a93a9b0,
com.fasterxml.jackson.core:jackson-core,2.16.0,FasterXML/jackson-core,jackson-core-2.16.0,2af46f18403d962d18121918c822d13224a3943c,
com.fasterxml.jackson.core:jackson-core,2.16.1,FasterXML/jackson-core,jackson-core-2.16.1,249716c8c2b141e4cab646f9d161fda0da97ae03,
com.fasterxml.jackson.core:jackson-core,2.16.2,FasterXML/jackson-core,jackson-core-2.16.2,4162dfc503bd97e6824b1d5baa6de7895d3b3367,
com.fasterxml.jackson.core:jackson-core,2.17.0,FasterXML/jackson-core,jackson-core-2.17.0,8fba680579885bf9cdae72e93f16de557056d6e3,
com.fasterxml.jackson.core:jackson-core,2.17.1,FasterXML/jackson-core,jackson-core-2.17.1,cba40f1c035dd72406d990c014c4b7477c4e621d,
com.fasterxml.jackson.core:jackson-databind,2.15.2,FasterXML/jackson-databind,jackson-databind-2.15.2,74a57b2f6cd3b6e0fe2a61ed16734f15ba2abc95,
com.fasterxml.jackson.core:jackson-databind,2.15.3,FasterXML/jackson-databind,jackson-databind-2.15.3,31dc75f082e225863d4e2f033f5df9a9daf062a9,
com.fasterxml.jackson.core:jackson-databind,2.16.0,FasterXML/jackson-databind,jackson-databind-2.16.0,74621b01e69396160cc48b023aa0e85f38964c0f,
com.fasterxml.jackson.core:jackson-databind,2.16.1,FasterXML/jackson-databind,jackson-databind-2.16.1,28efa9ba66baf53fd33ba0c0971dbffd7221502c,
com.fasterxml.jackson.core:jackson-databind,2.16.2,FasterXML/jackson-databind,jackson-databind-2.16.2,a04a0a1852acf9ab5a80d10631026d9814436114,
com.fasterxml.jackson.core:jackson-databind,2.17.0,FasterXML/jackson-databind,jackson-databind-2.17.0,cd2d15eb466cda556bbce2f7256baad68a69e34a,
com.fasterxml.jackson.core:jackson-databind,2.17.1,FasterXML/jackson-databind,jackson-databind-2.17.1,cf9e8558de0fc67e69ad5a9610dbf077a8e287ff,
com.fasterxml:classmate,1.6.0,FasterXML/java-classmate,classmate-1.6.0,fa781caa022557f8279ae48011ae4894e78fa1ea,
com.fasterxml:classmate,1.7.0,FasterXML/java-classmate,classmate-1.7.0,3842f1e329e7eec5db11c118cfeb3cfce9ced1a8,
com.formdev:flatlaf,3.2,JFormDesigner/FlatLaf,3.2,75da3614801d95bf759574edc3cd5432c2a8ce01,
com.formdev:flatlaf,3.2.1,JFormDesigner/FlatLaf,3.2.1,b6207bafde36327498e4c9a08b98229a0606690b,
com.formdev:flatlaf,3.2.2,JFormDesigner/FlatLaf,3.2.2,0d2f37e1daf43fd103de0f888a4ed01358cdcbd1,
com.formdev:flatlaf,3.2.5,JFormDesigner/FlatLaf,3.2.5,cf364c12649004fc9bbad614c3dd55ab0c04da0e,
com.github.dasniko:testcontainers-keycloak,3.0.0,dasniko/testcontainers-keycloak,3.0.0,479dde8d23bf980cdbc8965a311fea2c75012eeb,
com.github.dasniko:testcontainers-keycloak,3.1.0,dasniko/testcontainers-keycloak,3.1.0,dc075d5d46d9f58f9674aef6330562fb5ed13c74,
com.github.dasniko:testcontainers-keycloak,3.2.0,dasniko/testcontainers-keycloak,v3.2.0,646bc6de37d69914d8b224ab33d8a1a7eb47bfe0,
com.github.dasniko:testcontainers-keycloak,3.3.0,dasniko/testcontainers-keycloak,v3.3.0,ba952f7c855fcfb238701323891beba282c94d24,
com.github.dasniko:testcontainers-keycloak,3.3.1,dasniko/testcontainers-keycloak,v.3.3.1,b58acc8a046fa3ca8269d8f3d27278cd3e8afc00,
com.github.eirslett:frontend-maven-plugin,1.12.1,eirslett/frontend-maven-plugin,frontend-plugins-1.12.1,939607bd3c229caf9f8b23cf3dae6f387e5344ce,
com.github.eirslett:frontend-maven-plugin,1.13.4,eirslett/frontend-maven-plugin,frontend-plugins-1.13.4,62db439e0cc93e7be95329c1e7f8304d609c0266,
com.github.eirslett:frontend-maven-plugin,1.14.0,eirslett/frontend-maven-plugin,frontend-plugins-1.14.0,60112bed44c856a01ee3a0df34bc05c4e294b8eb,
com.github.eirslett:frontend-maven-plugin,1.14.2,eirslett/frontend-maven-plugin,frontend-plugins-1.14.2,072ce91812090d18cabfea7fc797c4cd9ad68854,
com.github.eirslett:frontend-maven-plugin,1.15.0,eirslett/frontend-maven-plugin,frontend-plugins-1.15.0,e888c9eec6b52a9128c313e1eb3712ddf1ad931f,
com.github.ekryd.sortpom:sortpom-maven-plugin,3.3.0,Ekryd/sortpom,sortpom-parent-3.3.0,6d64c63822d64ed820e46bd6b5ca195407dcdf76,
com.github.ekryd.sortpom:sortpom-maven-plugin,3.4.0,Ekryd/sortpom,sortpom-parent-3.4.0,0f6dd0cab978f7819e149bb006cfd1fd6ff1835b,
com.github.ekryd.sortpom:sortpom-maven-plugin,3.4.1,Ekryd/sortpom,sortpom-parent-3.4.1,c2acda474296d420658920c8c0b7d8e9a3febd70,
com.github.erosb:everit-json-schema,1.14.2,erosb/everit-json-schema,,,NO_TAG
com.github.erosb:everit-json-schema,1.14.3,erosb/everit-json-schema,,,NO_TAG
com.github.erosb:everit-json-schema,1.14.4,erosb/everit-json-schema,,,NO_TAG
com.github.houbb:sensitive-word,0.13.0,houbb/sensitive-word,,,NO_TAG
com.github.houbb:sensitive-word,0.13.1,houbb/sensitive-word,,,NO_TAG
com.github.houbb:sensitive-word,0.13.2,houbb/sensitive-word,,,NO_TAG
com.github.houbb:sensitive-word,0.13.4,houbb/sensitive-word,,,NO_TAG
com.github.siom79.japicmp:japicmp-maven-plugin,0.18.3,,,,NO_GITHUB
com.github.siom79.japicmp:japicmp-maven-plugin,0.18.4,,,,NO_GITHUB
com.github.siom79.japicmp:japicmp-maven-plugin,0.18.5,,,,NO_GITHUB
com.github.siom79.japicmp:japicmp-maven-plugin,0.19.1,,,,NO_GITHUB
com.github.siom79.japicmp:japicmp-maven-plugin,0.20.0,,,,NO_GITHUB
com.github.siom79.japicmp:japicmp-maven-plugin,0.21.0,,,,NO_GITHUB
com.github.siom79.japicmp:japicmp-maven-plugin,0.21.1,,,,NO_GITHUB
com.github.siom79.japicmp:japicmp-maven-plugin,0.21.2,,,,NO_GITHUB
com.github.spotbugs:spotbugs-maven-plugin,4.7.3.5,spotbugs/spotbugs-maven-plugin,spotbugs-maven-plugin-4.7.3.5,ae262bae560adad3dea113b263b9b88049adf847,
com.github.spotbugs:spotbugs-maven-plugin,4.7.3.6,spotbugs/spotbugs-maven-plugin,spotbugs-maven-plugin-4.7.3.6,a8bbf0704a9e3326837d6d665a51f45ca834b157,
com.github.spotbugs:spotbugs-maven-plugin,4.8.3.0,spotbugs/spotbugs-maven-plugin,spotbugs-maven-plugin-4.8.3.0,4ed93fcea1be737f0a2a00ab669f241147f1037b,
com.github.spotbugs:spotbugs-maven-plugin,4.8.3.1,spotbugs/spotbugs-maven-plugin,spotbugs-maven-plugin-4.8.3.1,9eff0f488f0eb201da4706518238c2339ca0b62d,
com.github.spotbugs:spotbugs-maven-plugin,4.8.4.0,spotbugs/spotbugs-maven-plugin,spotbugs-maven-plugin-4.8.4.0,078e27099f279bca25b0fe182ac31aa0a196889f,
com.github.spotbugs:spotbugs-maven-plugin,4.8.5.0,spotbugs/spotbugs-maven-plugin,spotbugs-maven-plugin-4.8.5.0,ca8b5a3798a6bd929362945fdf0134d141f389ca,
com.github.spullara.mustache.java:compiler,0.9.11,spullara/mustache.java,mustache.java-0.9.11,fed54375b99ae412ba24a40823841d114565e6f2,
com.github.spullara.mustache.java:compiler,0.9.12,spullara/mustache.java,mustache.java-0.9.12,5187e6b07bf32ae6104d0632d6be8b98d6c497cc,
com.github.spullara.mustache.java:compiler,0.9.13,spullara/mustache.java,mustache.java-0.9.13,6020349d2b8b16220915877ed666ba6406463e5e,
com.github.tomakehurst:wiremock-jre8,2.35.1,wiremock/wiremock,2.35.1,87063432febaa9c10e90c92edb1d5a8f7afabae2,
com.github.tomakehurst:wiremock-jre8,2.35.2,wiremock/wiremock,2.35.2,e032c4aa043845582e918685a8652a02a2af1066,
com.github.wnameless.json:json-flattener,0.16.4,wnameless/json-flattener,json-flattener-0.16.4,66375b27aec21db59c0e78118257e0d980f24abb,
com.github.wnameless.json:json-flattener,0.16.6,wnameless/json-flattener,json-flattener-0.16.6,5cb34f52ca3a4fdbaf067ee53412d55c6f1ea1dd,
com.google.apis:google-api-services-admin-directory,directory_v1-rev20240102-2.0.0,,,,NO_GITHUB
com.google.apis:google-api-services-admin-directory,directory_v1-rev20240220-2.0.0,,,,NO_GITHUB
com.google.apis:google-api-services-admin-directory,directory_v1-rev20240227-2.0.0,,,,NO_GITHUB
com.google.apis:google-api-services-admin-directory,directory_v1-rev20240304-2.0.0,,,,NO_GITHUB
com.google.apis:google-api-services-admin-directory,directory_v1-rev20240429-2.0.0,,,,NO_GITHUB
com.google.apis:google-api-services-admin-directory,directory_v1-rev20240507-2.0.0,,,,NO_GITHUB
com.google.apis:google-api-services-cloudasset,v1-rev20230609-2.0.0,,,,NO_GITHUB
com.google.apis:google-api-services-cloudasset,v1-rev20230805-2.0.0,,,,NO_GITHUB
com.google.apis:google-api-services-cloudasset,v1-rev20230902-2.0.0,,,,NO_GITHUB
com.google.apis:google-api-services-cloudasset,v1-rev20230908-2.0.0,,,,NO_GITHUB
com.google.apis:google-api-services-cloudasset,v1-rev20230922-2.0.0,,,,NO_GITHUB
com.google.apis:google-api-services-cloudasset,v1-rev20231013-2.0.0,,,,NO_GITHUB
com.google.apis:google-api-services-cloudasset,v1-rev20231103-2.0.0,,,,NO_GITHUB
com.google.apis:google-api-services-cloudasset,v1-rev20231111-2.0.0,,,,NO_GITHUB
com.google.apis:google-api-services-cloudasset,v1-rev20231201-2.0.0,,,,NO_GITHUB
com.google.apis:google-api-services-cloudasset,v1-rev20240119-2.0.0,,,,NO_GITHUB
com.google.apis:google-api-services-cloudasset,v1-rev20240126-2.0.0,,,,NO_GITHUB
com.google.apis:google-api-services-cloudasset,v1-rev20240217-2.0.0,,,,NO_GITHUB
com.google.apis:google-api-services-cloudasset,v1-rev20240412-2.0.0,,,,NO_GITHUB
com.google.apis:google-api-services-cloudidentity,v1-rev20240206-2.0.0,,,,NO_GITHUB
com.google.apis:google-api-services-cloudidentity,v1-rev20240312-2.0.0,,,,NO_GITHUB
com.google.apis:google-api-services-cloudidentity,v1-rev20240507-2.0.0,,,,NO_GITHUB
com.google.apis:google-api-services-cloudresourcemanager,v3-rev20230507-2.0.0,,,,NO_GITHUB
com.google.apis:google-api-services-cloudresourcemanager,v3-rev20230806-2.0.0,,,,NO_GITHUB
com.google.apis:google-api-services-cloudresourcemanager,v3-rev20231022-2.0.0,,,,NO_GITHUB
com.google.apis:google-api-services-cloudresourcemanager,v3-rev20240128-2.0.0,,,,NO_GITHUB
com.google.apis:google-api-services-cloudresourcemanager,v3-rev20240303-2.0.0,,,,NO_GITHUB
com.google.apis:google-api-services-cloudresourcemanager,v3-rev20240310-2.0.0,,,,NO_GITHUB
com.google.apis:google-api-services-iamcredentials,v1-rev20211203-2.0.0,,,,NO_GITHUB
com.google.apis:google-api-services-iamcredentials,v1-rev20240227-2.0.0,,,,NO_GITHUB
com.google.apis:google-api-services-pubsub,v1-rev20230830-2.0.0,,,,NO_GITHUB
com.google.apis:google-api-services-pubsub,v1-rev20231104-2.0.0,,,,NO_GITHUB
com.google.apis:google-api-services-pubsub,v1-rev20240126-2.0.0,,,,NO_GITHUB
com.google.apis:google-api-services-pubsub,v1-rev20240208-2.0.0,,,,NO_GITHUB
com.google.apis:google-api-services-pubsub,v1-rev20240220-2.0.0,,,,NO_GITHUB
com.google.apis:google-api-services-pubsub,v1-rev20240319-2.0.0,,,,NO_GITHUB
com.google.apis:google-api-services-pubsub,v1-rev20240430-2.0.0,,,,NO_GITHUB
com.google.apis:google-api-services-secretmanager,v1-rev20230421-2.0.0,,,,NO_GITHUB
com.google.apis:google-api-services-secretmanager,v1-rev20230804-2.0.0,,,,NO_GITHUB
com.google.apis:google-api-services-secretmanager,v1-rev20240126-2.0.0,,,,NO_GITHUB
com.google.apis:google-api-services-secretmanager,v1-rev20240309-2.0.0,,,,NO_GITHUB
com.google.apis:google-api-services-secretmanager,v1-rev20240314-2.0.0,,,,NO_GITHUB
com.google.apis:google-api-services-secretmanager,v1-rev20240424-2.0.0,,,,NO_GITHUB
com.google.auth:google-auth-library-oauth2-http,1.19.0,googleapis/google-auth-library-java,v1.19.0,469d342ead21cc5b3e293fa6ec6cae1d6c781dbc,
com.google.auth:google-auth-library-oauth2-http,1.20.0,googleapis/google-auth-library-java,v1.20.0,819b3cb02ee8e4199258fa37bcb65d478b66042b,
com.google.auth:google-auth-library-oauth2-http,1.22.0,googleapis/google-auth-library-java,v1.22.0,7bf2732deecf18c4317a16bbf3d7fde9b5625725,
com.google.auth:google-auth-library-oauth2-http,1.23.0,googleapis/google-auth-library-java,v1.23.0,527ad4b52cfda9361de922dcf9014d591f3ad8ff,
com.google.cloud.tools:jib-maven-plugin,3.3.2,GoogleContainerTools/jib,v3.3.2-maven,a6b2209a230ce61fafe81858af893aa8be16ad90,
com.google.cloud.tools:jib-maven-plugin,3.4.0,GoogleContainerTools/jib,v3.4.0-maven,d7c8a4c6ff05acd255ccbfc033fc68b29be0e6f4,
com.google.cloud.tools:jib-maven-plugin,3.4.1,GoogleContainerTools/jib,v3.4.1-maven,fc81572cfce3367b58062438778f5e8f4b55d9c6,
com.google.cloud.tools:jib-maven-plugin,3.4.2,GoogleContainerTools/jib,v3.4.2-maven,19942e9909f766e82ba2a0127af123cccc8e0de0,
com.google.cloud:google-cloud-spanner-jdbc,2.14.6,googleapis/java-spanner-jdbc,v2.14.6,e54fd26ac8f88624e6f92ad3e56a4dc59382b9b8,
com.google.cloud:google-cloud-spanner-jdbc,2.15.1,googleapis/java-spanner-jdbc,v2.15.1,87873ae6aa2b42e08ebdbc1d0962b98e73cfa436,
com.google.cloud:google-cloud-spanner-jdbc,2.15.2,googleapis/java-spanner-jdbc,v2.15.2,3cc9d9db1c969e594e841dd6b6bafa925881ecac,
com.google.cloud:google-cloud-spanner-jdbc,2.15.3,googleapis/java-spanner-jdbc,v2.15.3,5694d10709f9fb0eebed5d3e357d04050ebef811,
com.google.cloud:google-cloud-spanner-jdbc,2.15.4,googleapis/java-spanner-jdbc,v2.15.4,d2e6d067460afc80dcb64214645d0ecd6586ba8b,
com.google.cloud:google-cloud-spanner-jdbc,2.15.5,googleapis/java-spanner-jdbc,v2.15.5,6768a197459558bc750c2e6291daf8f49b3f4c70,
com.google.cloud:google-cloud-spanner-jdbc,2.16.0,googleapis/java-spanner-jdbc,v2.16.0,138d637f1f66831cb86554ee566feb2a153c3f12,
com.google.cloud:google-cloud-spanner-jdbc,2.16.1,googleapis/java-spanner-jdbc,v2.16.1,7a40c7e63571b21f56dfba4338994c3640324be3,
com.google.guava:guava,32.1.1-jre,google/guava,v32.1.1,427223e9f94406013f1bc77fa0bd1231a1475645,
com.google.guava:guava,32.1.2-jre,google/guava,v32.1.2,db74bd2fdac443223d45e6fc5c66548542be1081,
com.google.guava:guava,32.1.3-jre,google/guava,v32.1.3,c1088508ddc78bd60d096d2cc3ceef4a82ec909d,
com.google.guava:guava,33.0.0-jre,,,,NO_GITHUB
com.google.guava:guava,33.1.0-jre,google/guava,v33.1.0,f3e095c3b318f3e6dfeef393146ce5561ec8f859,
com.google.guava:guava,33.2.0-jre,google/guava,v33.2.0,73856da06403d5d087007d3924c168c822dea23c,
com.google.protobuf:protobuf-java,3.25.2,protocolbuffers/protobuf,v3.25.2,a9b006bddd52e289029f16aa77b77e8e0033d9ee,
com.google.protobuf:protobuf-java,3.25.3,protocolbuffers/protobuf,v3.25.3,4a2aef570deb2bfb8927426558701e8bfc26f2a4,
com.google.protobuf:protobuf-java,4.26.0,protocolbuffers/protobuf,,,NO_TAG
com.google.protobuf:protobuf-java,4.26.1,protocolbuffers/protobuf,,,NO_TAG
com.googlecode.libphonenumber:libphonenumber,8.13.17,google/libphonenumber,v8.13.17,a4a46ef2eae8d7e9abf3eddee949ffca49548678,
com.googlecode.libphonenumber:libphonenumber,8.13.18,google/libphonenumber,v8.13.18,54af863d780dcfccbe25d6f35fef0cd5c2c7dde4,
com.googlecode.libphonenumber:libphonenumber,8.13.19,google/libphonenumber,v8.13.19,9e08719a258709fe3f0682fb786a8f06cee2d3b6,
com.googlecode.libphonenumber:libphonenumber,8.13.20,google/libphonenumber,v8.13.20,6d7589a49a91bfc15bfb757a516ded67ade2c1ed,
com.googlecode.libphonenumber:libphonenumber,8.13.21,google/libphonenumber,v8.13.21,f6bf98034432c36dee603eee2d820a03c67c7d1e,
com.googlecode.libphonenumber:libphonenumber,8.13.22,google/libphonenumber,v8.13.22,4189ef0fd972c8b54b8f9d25bf0d600ad9d80a9e,
com.googlecode.libphonenumber:libphonenumber,8.13.23,google/libphonenumber,v8.13.23,052011a699cb9492bfc03f4f52620f4ea1b17acf,
com.googlecode.libphonenumber:libphonenumber,8.13.24,google/libphonenumber,v8.13.24,03dab581633c72226fc463c47d94688be2495b08,
com.googlecode.libphonenumber:libphonenumber,8.13.25,google/libphonenumber,v8.13.25,de1e702ba39f9e5a21e44c5c30b895dfab4d5eb6,
com.googlecode.libphonenumber:libphonenumber,8.13.26,google/libphonenumber,v8.13.26,aa710ed413cf91976fb135687f1a78c0fa1cdaa2,
com.googlecode.libphonenumber:libphonenumber,8.13.27,google/libphonenumber,v8.13.27,7b3c8c91645ef44cf6fc938b9c6328561a137771,
com.googlecode.libphonenumber:libphonenumber,8.13.28,google/libphonenumber,v8.13.28,3c01f15caa5c83357482390467e15117b9da1c4b,
com.googlecode.libphonenumber:libphonenumber,8.13.34,google/libphonenumber,v8.13.34,2c5a813eb35e82b03a51556cedb64703f1b37f72,
com.googlecode.libphonenumber:libphonenumber,8.13.35,google/libphonenumber,v8.13.35,127062fe7366823a89e11a1d9a421e99cf3a33b2,
com.googlecode.libphonenumber:libphonenumber,8.13.36,google/libphonenumber,v8.13.36,1035cc6c80dee449be42b285191329533f9e4dc9,
com.graphql-java:graphql-java-extended-scalars,20.2,graphql-java/graphql-java-extended-scalars,20.2,3e920626ba1178e15ad7031758b91830e01c0e6b,
com.graphql-java:graphql-java-extended-scalars,21.0,graphql-java/graphql-java-extended-scalars,v21.0,c03df43a0f3e2efa6c2012914c41eb4b56f43b2c,
com.h2database:h2,2.2.222,,,,NO_GITHUB
com.h2database:h2,2.2.224,,,,NO_GITHUB
com.ibm.db2:jcc,11.5.8.0,,,,NO_GITHUB
com.ibm.db2:jcc,11.5.9.0,,,,NO_GITHUB
com.jayway.jsonpath:json-path,2.8.0,json-path/JsonPath,json-path-2.8.0,8a0d2fd594b4a1baab71132cf5ef74889b9976e5,
com.jayway.jsonpath:json-path,2.9.0,json-path/JsonPath,json-path-2.9.0,af7e516c69df680a6584fca7180ef082eb67c96c,
com.jcabi:jcabi-xml,0.27.2,jcabi/jcabi-xml,0.27.2,efa87fa3309997b866acfb280f2eb51e4a207e5f,
com.jcabi:jcabi-xml,0.29.0,jcabi/jcabi-xml,0.29.0,6636948c6c4c51ec1e4d98e44b46a65dd3f0e50d,
com.konghq:unirest-java,3.14.2,Kong/unirest-java,v3.14.2,c151179c6a3295588737df23c945870f30e4bc29,
com.konghq:unirest-java,3.14.5,Kong/unirest-java,v3.14.5,a49c78f4dd8a2e743f0718771a9d92921f1fac7b,
com.microsoft.sqlserver:mssql-jdbc,11.2.1.jre8,microsoft/mssql-jdbc,v11.2.1,a6d125c1cd157157f1cd4044bd08767d155ce054,
com.microsoft.sqlserver:mssql-jdbc,12.4.2.jre8,microsoft/mssql-jdbc,v12.4.2,4054ad05f8c66222ae34425c6bd9b22f581bd3e3,
com.microsoft.sqlserver:mssql-jdbc,12.5.0.jre8-preview,microsoft/mssql-jdbc,v12.5.0,d9b79dd09264b37d4ec3a92ecd71867336982e3d,
com.microsoft.sqlserver:mssql-jdbc,12.6.0.jre8,microsoft/mssql-jdbc,v12.6.0,3cd946efe4e61446ba9ae073ecc0530746dee6a2,
com.microsoft.sqlserver:mssql-jdbc,12.6.1.jre8,microsoft/mssql-jdbc,v12.6.1,64e6ee57922edbaab85b3242d7601da4a40a890e,
com.microsoft.sqlserver:mssql-jdbc,12.7.0.jre8-preview,microsoft/mssql-jdbc,v12.7.0,c073e78cd18153b305c29533fe53b02200edf796,
com.mycila:license-maven-plugin,4.2,,,,NO_GITHUB
com.mycila:license-maven-plugin,4.3,,,,NO_GITHUB
com.mysema.maven:apt-maven-plugin,1.0.9,,,,NO_GITHUB
com.mysema.maven:apt-maven-plugin,1.1.3,,,,NO_GITHUB
com.networknt:json-schema-validator,1.0.86,,,,NO_GITHUB
com.networknt:json-schema-validator,1.0.87,networknt/json-schema-validator,1.0.87,b634de7c83a2da68957a27f0ea55d08a5133903c,
com.puppycrawl.tools:checkstyle,10.12.5,checkstyle/checkstyle,checkstyle-10.12.5,aa6faae95a98105d103352b7d7aee997ac92b47d,
com.puppycrawl.tools:checkstyle,10.12.6,checkstyle/checkstyle,checkstyle-10.12.6,1c9695555f770365d3f0e1449b07fef8a25627fc,
com.puppycrawl.tools:checkstyle,10.12.7,checkstyle/checkstyle,checkstyle-10.12.7,b54819d1f783a10ca8df13c5987ec0ac28052b3a,
com.puppycrawl.tools:checkstyle,10.14.0,checkstyle/checkstyle,checkstyle-10.14.0,256b8038ad64e20f930d12c215a695c60930adf8,
com.puppycrawl.tools:checkstyle,10.14.1,checkstyle/checkstyle,checkstyle-10.14.1,4729a8ce44c32264ebc289bc43a48d22fdd8e2c7,
com.puppycrawl.tools:checkstyle,10.14.2,checkstyle/checkstyle,checkstyle-10.14.2,5317f9316f4f9741265e832667efe258dc0ee5e4,
com.puppycrawl.tools:checkstyle,10.15.0,checkstyle/checkstyle,checkstyle-10.15.0,72fe7d3fcf04b25e4d8b91bd6e63ed59b50967f0,
com.puppycrawl.tools:checkstyle,10.16.0,checkstyle/checkstyle,checkstyle-10.16.0,e8aa612d624d62baa8f6208a39092a0a46e31987,
com.slack.api:slack-api-client,1.32.1,slackapi/java-slack-sdk,v1.32.1,b9676b54c56b34eb5f05be001c04204aa4f4515e,
com.slack.api:slack-api-client,1.32.2,slackapi/java-slack-sdk,v1.32.2,8bf72c24b49e045e44dde821d656035b28417327,
com.slack.api:slack-api-client,1.33.0,slackapi/java-slack-sdk,v1.33.0,edd6e748d406b86d7f9a1405f4d295140e6234ff,
com.slack.api:slack-api-client,1.34.0,slackapi/java-slack-sdk,v1.34.0,198ea70982ad4ac176f2d5e0404fe41e4d5af8db,
com.slack.api:slack-api-client,1.35.0,slackapi/java-slack-sdk,v1.35.0,ecf1039e0d1c27e5aee1e25116fb2eada70826e1,
com.slack.api:slack-api-client,1.35.1,slackapi/java-slack-sdk,v1.35.1,796e2ef36a364a5310384c15274727fcc382ef32,
com.slack.api:slack-api-client,1.38.0,slackapi/java-slack-sdk,v1.38.0,802d2b34cd7bc392f86cad8d79f2c840257f4fcb,
com.slack.api:slack-api-client,1.38.1,slackapi/java-slack-sdk,v1.38.1,e8d988e754d0350fa87682c014c12cc40060889a,
com.spotify.fmt:fmt-maven-plugin,2.20,spotify/fmt-maven-plugin,fmt-maven-plugin-2.20,eded35e68bdba8ef52b1dbe102119d1e519ffda4,
com.spotify.fmt:fmt-maven-plugin,2.21.1,spotify/fmt-maven-plugin,2.21.1,50f8a137f44e565783194f4914ad7702b9a6ccd3,
com.spotify.fmt:fmt-maven-plugin,2.22,spotify/fmt-maven-plugin,2.22.0,bacc3fca092c6c674a8e89042b66aaa1f34cd98e,
com.spotify.fmt:fmt-maven-plugin,2.22.1,spotify/fmt-maven-plugin,2.22.1,c71fbb2b234acfc7f88e113b8a0de94f3305a273,
com.squareup:kotlinpoet-jvm,1.15.1,square/kotlinpoet,1.15.1,3ef169f7a3827b5622e831376a65eeb4bc3b3176,
com.squareup:kotlinpoet-jvm,1.15.2,square/kotlinpoet,1.15.2,376f7a5484b104b3fccfb230d342193ef06468e5,
com.squareup:kotlinpoet-jvm,1.15.3,square/kotlinpoet,1.15.3,6e3d289d206594a1cd57ae70c81465d41b70d2b6,
com.squareup:kotlinpoet-jvm,1.16.0,square/kotlinpoet,1.16.0,5e7077661b04fbf011ac5d71c955b9292e940460,
com.sun.xml.bind:jaxb-xjc,4.0.2,,,,NO_GITHUB
com.sun.xml.bind:jaxb-xjc,4.0.4,,,,NO_GITHUB
com.sun.xml.bind:jaxb-xjc,4.0.5,,,,NO_GITHUB
com.tngtech.archunit:archunit,1.2.0,TNG/ArchUnit,v1.2.0,12e8fb188c4beec33e525b5e491ef3ed5ba252e4,
com.tngtech.archunit:archunit,1.2.1,TNG/ArchUnit,v1.2.1,17ced0833324760dfdf49aaa07ea00c1fbee63aa,
com.tngtech.archunit:archunit-junit5-api,1.2.0,TNG/ArchUnit,v1.2.0,12e8fb188c4beec33e525b5e491ef3ed5ba252e4,
com.tngtech.archunit:archunit-junit5-api,1.2.1,TNG/ArchUnit,v1.2.1,17ced0833324760dfdf49aaa07ea00c1fbee63aa,
com.tngtech.archunit:archunit-junit5-api,1.3.0,TNG/ArchUnit,v1.3.0,dc7238fc7dfcfc50f5473c0cb3825de3dd9ced72,
commons-codec:commons-codec,1.16.0,,,,NO_GITHUB
commons-codec:commons-codec,1.16.1,,,,NO_GITHUB
commons-codec:commons-codec,1.17.0,,,,NO_GITHUB
commons-io:commons-io,2.14.0,,,,NO_GITHUB
commons-io:commons-io,2.15.0,,,,NO_GITHUB
commons-io:commons-io,2.15.1,,,,NO_GITHUB
commons-io:commons-io,2.16.0,,,,NO_GITHUB
commons-io:commons-io,2.16.1,,,,NO_GITHUB
de.flapdoodle.embed:de.flapdoodle.embed.mongo.spring30x,4.6.2,flapdoodle-oss/de.flapdoodle.embed.mongo.spring,de.flapdoodle.embed.mongo.spring30x-4.6.2,1d793d3dbf06951b12acde59abbd48edc3833cb4,
de.flapdoodle.embed:de.flapdoodle.embed.mongo.spring30x,4.9.2,flapdoodle-oss/de.flapdoodle.embed.mongo.spring,de.flapdoodle.embed.mongo.spring30x-4.9.2,911d1d5b2d9fd42c9f8ce8d6edc641e48f218e41,
dev.cel:cel,0.4.0,,,,NO_GITHUB
dev.cel:cel,0.4.1,,,,NO_GITHUB
dev.morphia.morphia:morphia-core,2.3.5,MorphiaOrg/morphia,r2.3.5,1a8c6b7d3bcd48f55e4ab2839be33188068aeed6,
dev.morphia.morphia:morphia-core,2.3.6,MorphiaOrg/morphia,r2.3.6,b40565c46fa9399b4420f46291fd38987fd4118a,
dev.morphia.morphia:morphia-core,2.4.0,MorphiaOrg/morphia,r2.4.0,c6b4c9195cb30336260f7a2c4428959c92ea114c,
dev.morphia.morphia:morphia-core,2.4.1,MorphiaOrg/morphia,r2.4.1,ada2b50d80c52812dd2e75cfe793ae9687fac55f,
dev.morphia.morphia:morphia-core,2.4.2,MorphiaOrg/morphia,v2.4.2,7c250fa4d4c76940786209f0642594357b000c6c,
dev.morphia.morphia:morphia-core,2.4.5,MorphiaOrg/morphia,v2.4.5,97b702741053faf0da772c8b972ce98739309f5d,
dev.morphia.morphia:morphia-core,2.4.6,MorphiaOrg/morphia,v2.4.6,b9b171e1cf2d64df140ba004c0d360417da0ec01,
dev.morphia.morphia:morphia-core,2.4.8,MorphiaOrg/morphia,v2.4.8,405e4a9ecb1c46a7f77072965aa6d6deb40d36c9,
dev.morphia.morphia:morphia-core,2.4.9,MorphiaOrg/morphia,v2.4.9,a906837d084ea6641bcc00c29d98b7e1ecaf2218,
eu.michael-simons.neo4j:neo4j-migrations,2.10.0,michael-simons/neo4j-migrations,2.10.0,ff0e4fc98ce5297aa742591fdd541693fcbe5f0a,
eu.michael-simons.neo4j:neo4j-migrations,2.10.1,michael-simons/neo4j-migrations,2.10.1,10485362ef4c09e90d35518f1e38d0af9784c05b,
eu.michael-simons.neo4j:neo4j-migrations,2.8.0,michael-simons/neo4j-migrations,2.8.0,c8ae8f862d410cac33a0ebff20dc58b73ddf5a8f,
eu.michael-simons.neo4j:neo4j-migrations,2.8.1,michael-simons/neo4j-migrations,2.8.1,4cbf88ddd1c1888d16ffffcb58a3dc6f95e3d527,
eu.michael-simons.neo4j:neo4j-migrations,2.8.2,michael-simons/neo4j-migrations,2.8.2,dfd041251cfa3337ba3422de68f4ee99f295c6f3,
eu.michael-simons.neo4j:neo4j-migrations,2.9.0,michael-simons/neo4j-migrations,2.9.0,f35da910bc3590422b887df2ba3769ec0c49b134,
eu.michael-simons.neo4j:neo4j-migrations,2.9.1,michael-simons/neo4j-migrations,2.9.1,bcc18af6017b3e0867d8f30c165e038d281366dd,
eu.michael-simons.neo4j:neo4j-migrations,2.9.2,michael-simons/neo4j-migrations,2.9.2,ad36d36af75a7c275d3d725befe511c9352a9c25,
eu.michael-simons.neo4j:neo4j-migrations,2.9.3,michael-simons/neo4j-migrations,2.9.3,933b9244c926b7eed6c6eb5ff2d00f98e052b3cc,
info.picocli:picocli,4.7.4,remkop/picocli,v4.7.4,248390479ed1ab9aa779a2aaee57d477b425033a,
info.picocli:picocli,4.7.5,remkop/picocli,v4.7.5,6336bb4f412c0e62c61431286a6ce09f41447e54,
info.picocli:picocli,4.7.6,remkop/picocli,v4.7.6,368d97e4f60ab2d546199a92611a22abf337b091,
io.asyncer:r2dbc-mysql,1.1.1,asyncer-io/r2dbc-mysql,r2dbc-mysql-1.1.1,cdcfc77899b3d8a6d5786ab68e5ee26af21169f1,
io.asyncer:r2dbc-mysql,1.1.2,asyncer-io/r2dbc-mysql,r2dbc-mysql-1.1.2,c41c5ef3ceb353c24c38b056b84c4e936fe6c881,
io.asyncer:r2dbc-mysql,1.1.3,asyncer-io/r2dbc-mysql,r2dbc-mysql-1.1.3,9a1a74e20bdd8cf36625b94a57f0001963a45bb6,
io.crate:crate-jdbc,2.6.0,crate/crate-jdbc,2.6.0,949137bf94f86c1c9cf39439e523ff953030d3c6,
io.crate:crate-jdbc,2.7.0,crate/crate-jdbc,2.7.0,ad5a0aef05ce5fe6d9c4ab75cb24b9dba4f672b2,
io.fabric8:maven-model-helper,29,fabric8-launcher/maven-model-helper,v29,ead97aed148d0cc0c43a579f3a742ab4bd5d2ff6,
io.fabric8:maven-model-helper,30,fabric8-launcher/maven-model-helper,v30,9aa4fd04cef835745edef1606c8ecab8230f59c9,
io.fabric8:maven-model-helper,35,fabric8-launcher/maven-model-helper,v35,57fb8b0269df107472cfe7164629e2aa66b7c0b5,
io.fabric8:maven-model-helper,36,fabric8-launcher/maven-model-helper,v36,42c8922d07261d434859a8fbf6020fad464edcb0,
io.github.classgraph:classgraph,4.8.164,classgraph/classgraph,classgraph-4.8.164,8360c03ebcd1f196a7101f4364aaab0bed206376,
io.github.classgraph:classgraph,4.8.165,classgraph/classgraph,classgraph-4.8.165,f4419d410172d137a020c58c18ff6e1b756d1e82,
io.github.classgraph:classgraph,4.8.168,classgraph/classgraph,classgraph-4.8.168,de2651a2b82e13c746388e92912709b9070810cd,
io.github.classgraph:classgraph,4.8.170,classgraph/classgraph,classgraph-4.8.170,da9a1b4cb109d9e4fbe0f317031ae183ae7e7aeb,
io.github.classgraph:classgraph,4.8.171,classgraph/classgraph,classgraph-4.8.171,a81b80e6d889e083c71ccdecfa1e19d7037d2750,
io.github.classgraph:classgraph,4.8.172,classgraph/classgraph,classgraph-4.8.172,d3b229538bb7b9badef53307ce238377ade3c0c9,
io.github.dreamvoid:MiraiMC-Integration,1.8-pre2,DreamVoid/MiraiMC,v1.8-pre2,6022401aeb89e61f26d201c220c23dd3ab1202bb,
io.github.dreamvoid:MiraiMC-Integration,1.8-rc1,DreamVoid/MiraiMC,v1.8-rc1,0e698aa9ddd62d9eaa74ea1387f5c76c9984559a,
io.github.dreamvoid:MiraiMC-Integration,1.8-rc2,DreamVoid/MiraiMC,v1.8-rc2,f45a337dc26a2d23bcada193a4e677fd42dfecca,
io.github.dreamvoid:MiraiMC-Integration,1.8.1,DreamVoid/MiraiMC,v1.8.1,b1b47122075b0b72a1621638e6b2829ee2344285,
io.github.dreamvoid:MiraiMC-Integration,1.8.2,DreamVoid/MiraiMC,v1.8.2,8a267fea2d94811d297827b88831a3dbf93826f9,
io.github.dreamvoid:MiraiMC-Integration,1.8.3,DreamVoid/MiraiMC,v1.8.3,2abeb5b51766fb309bcb57a13597b658be5a1705,
io.github.git-commit-id:git-commit-id-maven-plugin,6.0.0,git-commit-id/git-commit-id-maven-plugin,v6.0.0,a35d8e80981627ed515d21ed35b0454ace609eb8,
io.github.git-commit-id:git-commit-id-maven-plugin,7.0.0,git-commit-id/git-commit-id-maven-plugin,v7.0.0,0fdf9c70ec77dfdc34a259a83c5c2e3257daf389,
io.github.git-commit-id:git-commit-id-maven-plugin,8.0.0,git-commit-id/git-commit-id-maven-plugin,v8.0.0,119cf98f26c47785cd03521916fcb82dfe00f2f7,
io.github.git-commit-id:git-commit-id-maven-plugin,8.0.1,git-commit-id/git-commit-id-maven-plugin,v8.0.1,b9483c2155119af4e3fbc08f2d2d2d97bb272bc8,
io.github.git-commit-id:git-commit-id-maven-plugin,8.0.2,git-commit-id/git-commit-id-maven-plugin,v8.0.2,a65350097c2cb897714ac395a4c409b5bea88a01,
io.github.itning:guava-retrying3,3.0.2,itning/guava-retrying3,v3.0.2,86b397ea5ffe66eec6482fd70284b3b20770ca26,
io.github.itning:guava-retrying3,3.0.3,itning/guava-retrying3,v3.0.3,2fc68b5a624733290a7a71c188fd420fa8aaf6f9,
io.hypersistence:hypersistence-utils-hibernate-62,3.5.3,vladmihalcea/hypersistence-utils,hypersistence-utils-parent-3.5.3,22f740c08e7ccbc8bb62d02754fa855995547347,
io.hypersistence:hypersistence-utils-hibernate-62,3.6.0,vladmihalcea/hypersistence-utils,hypersistence-utils-parent-3.6.0,b4cc8e2fb165fffc5da3064952b9460a40c4ef49,
io.hypersistence:hypersistence-utils-hibernate-62,3.6.1,vladmihalcea/hypersistence-utils,hypersistence-utils-parent-3.6.1,3bcceb6ea03d39184452a6a459f2edc0b3a60a9e,
io.hypersistence:hypersistence-utils-hibernate-62,3.7.0,vladmihalcea/hypersistence-utils,hypersistence-utils-parent-3.7.0,41dfb04afac4c1962babbfd1809881b30b9c668c,
io.hypersistence:hypersistence-utils-hibernate-62,3.7.1,vladmihalcea/hypersistence-utils,hypersistence-utils-parent-3.7.1,48774616b82300f50e4e8de22ac8ba492c14c135,
io.hypersistence:hypersistence-utils-hibernate-63,3.7.1,vladmihalcea/hypersistence-utils,hypersistence-utils-parent-3.7.1,48774616b82300f50e4e8de22ac8ba492c14c135,
io.hypersistence:hypersistence-utils-hibernate-63,3.7.2,vladmihalcea/hypersistence-utils,hypersistence-utils-parent-3.7.2,c7e9f30c365e9270bcf9231a3529e9e673beb769,
io.hypersistence:hypersistence-utils-hibernate-63,3.7.3,vladmihalcea/hypersistence-utils,hypersistence-utils-parent-3.7.3,5f35c2fbcb3cca4003008061432ba14c4935f1bc,
io.hypersistence:hypersistence-utils-hibernate-63,3.7.4,vladmihalcea/hypersistence-utils,hypersistence-utils-parent-3.7.4,d1145e8fb4adc359c53c17c5bd2d7ea4f08c70ef,
io.hypersistence:hypersistence-utils-hibernate-63,3.7.5,vladmihalcea/hypersistence-utils,hypersistence-utils-parent-3.7.5,887d8b7d75ca7f41737113ec9ec7aefd4b582c0e,
io.minio:minio,8.5.3,minio/minio-java,8.5.3,b144a0d7afdaeefabc1c6e6c0a1c244b1fab1f27,
io.minio:minio,8.5.7,minio/minio-java,8.5.7,f1e0d9bde6afa3b11d8907e14727325a50c3e88e,
io.minio:minio,8.5.8,minio/minio-java,8.5.8,f30ddb2852dc9be7e1d72348bd1ae1fe565a856e,
io.minio:minio,8.5.9,minio/minio-java,8.5.9,7b2b3a18f007e3e94dd68573da2088f1d4320bac,
io.netty:netty-all,4.1.104.Final,netty/netty,netty-4.1.104.Final,257742648994569cadce5a6fac079bc8c041b141,
io.netty:netty-all,4.1.105.Final,netty/netty,netty-4.1.105.Final,47579d07fe9b0232df4e83120131388864bfb52b,
io.netty:netty-all,4.1.106.Final,netty/netty,netty-4.1.106.Final,9d0ec7b9356487f11921340c6b54f9f0c8c8b4b7,
io.netty:netty-all,4.1.107.Final,netty/netty,netty-4.1.107.Final,1908d3a8b02b6ebd00b6c3c0f60cf31a8e31d2ca,
io.netty:netty-all,4.1.108.Final,netty/netty,netty-4.1.108.Final,3a3f9d13b129555802de5652667ca0af662f554e,
io.netty:netty-all,4.1.109.Final,netty/netty,netty-4.1.109.Final,43455dfe98202b8dc63d89ac3f04027c3e8f9f54,
io.netty:netty-all,4.1.94.Final,netty/netty,netty-4.1.94.Final,da1a448d5bc4f36cc1744db93fcaf64e198db2bd,
io.netty:netty-all,4.1.99.Final,netty/netty,netty-4.1.99.Final,8e3fe284251d61543cfc37c6b061b63ce6946aaf,
io.openliberty.tools:liberty-maven-plugin,3.8,OpenLiberty/ci.maven,liberty-maven-3.8,ffa05649567d79aeac01286138283ca800b59a04,
io.openliberty.tools:liberty-maven-plugin,3.8.2,OpenLiberty/ci.maven,liberty-maven-3.8.2,4ebcd7e25abca56c0d222854672875b733aadda6,
io.opentelemetry:opentelemetry-api,1.36.0,open-telemetry/opentelemetry-java,v1.36.0,049c6cf06202cf8caf2ffb30f4589517461a4b0f,
io.opentelemetry:opentelemetry-api,1.37.0,open-telemetry/opentelemetry-java,v1.37.0,a3e7f51425f6d412de9dad4f267720b521b05ae1,
io.opentelemetry:opentelemetry-exporter-otlp,1.30.1,open-telemetry/opentelemetry-java,v1.30.1,60c06dbe682f686f1a13907604f93d7adeecbef9,
io.opentelemetry:opentelemetry-exporter-otlp,1.31.0,open-telemetry/opentelemetry-java,v1.31.0,c25c0a0ee0da01ab2f74ba83052d1c249ed57020,
io.projectreactor:reactor-bom,2023.0.3,reactor/reactor,2023.0.3,803884a36a35146db921b26f429ababfec2f10de,
io.projectreactor:reactor-bom,2023.0.4,reactor/reactor,2023.0.4,4e376643d8e690e9d7e3c306a8b55b7695eb114e,
io.projectreactor:reactor-core,3.5.10,reactor/reactor-core,v3.5.10,7f9c77ec28dc0bdfc1eafe04062cb1195fd9b552,
io.projectreactor:reactor-core,3.5.11,reactor/reactor-core,v3.5.11,c6b7f8778bd398ba38f019f6e43977cafb0a68e5,
io.projectreactor:reactor-core,3.5.7,reactor/reactor-core,v3.5.7,0e0cdf8224aaf85dba3f2ba5ea5ad2665a3d7ced,
io.projectreactor:reactor-core,3.5.8,reactor/reactor-core,v3.5.8,1df750e20d392dc72344871e8ad220a6ae2ebf7c,
io.projectreactor:reactor-core,3.5.9,reactor/reactor-core,v3.5.9,77541615768672cd1563627871cd574d058f3dd9,
io.projectreactor:reactor-core,3.6.0,reactor/reactor-core,v3.6.0,e42dd15faf7c022235be020c79b64671d5a7f870,
io.projectreactor:reactor-core,3.6.1,reactor/reactor-core,v3.6.1,70b912d3dc96d32e41d1cdb8ee67d418e2007f08,
io.projectreactor:reactor-core,3.6.2,reactor/reactor-core,v3.6.2,38c8501e8bc1802a84fdb34955c5af89ee94c46e,
io.projectreactor:reactor-core,3.6.4,reactor/reactor-core,v3.6.4,5aedeaa34593aef3640f14a904857b9fd4e5ea7a,
io.projectreactor:reactor-core,3.6.5,reactor/reactor-core,v3.6.5,826673d4215f34762647a3ce08d3eb6c2a4ea064,
io.quarkiverse.wiremock:quarkus-wiremock-test,1.3.0,quarkiverse/quarkus-wiremock,1.3.0,3375b1ae8748db1d53ffc27b7d6aac4519e87546,
io.quarkiverse.wiremock:quarkus-wiremock-test,1.3.1,quarkiverse/quarkus-wiremock,1.3.1,18e39a67cf6683a781f77cdaa9c82292aa549cd5,
io.quarkiverse.wiremock:quarkus-wiremock-test,1.3.2,quarkiverse/quarkus-wiremock,1.3.2,01dfcd7d2342ba92f41283fbf98cdc544d07a2f6,
io.smallrye:jandex,3.1.2,smallrye/jandex,3.1.2,f3e55b2f19486f9a24784e290ab2e3b44459699d,
io.smallrye:jandex,3.1.6,smallrye/jandex,3.1.6,7cf59dc1352b7c75e97b505184933ce1a8bf4225,
io.smallrye:jandex,3.1.7,smallrye/jandex,3.1.7,0f8ee62d0cdd918ba4c52ac3eba20bdc41c3e5e4,
io.smallrye:jandex,3.1.8,smallrye/jandex,3.1.8,b827ceb149e0a66cc7068844c643e0e1cc97366d,
io.smallrye:jandex-maven-plugin,3.1.6,smallrye/jandex,3.1.6,7cf59dc1352b7c75e97b505184933ce1a8bf4225,
io.smallrye:jandex-maven-plugin,3.1.7,smallrye/jandex,3.1.7,0f8ee62d0cdd918ba4c52ac3eba20bdc41c3e5e4,
io.spring.javaformat:spring-javaformat-maven-plugin,0.0.39,spring-io/spring-javaformat,v0.0.39,3cc02e9af4db4aaac02f75686f26c11e8e95c1d1,
io.spring.javaformat:spring-javaformat-maven-plugin,0.0.41,spring-io/spring-javaformat,v0.0.41,b6e55eb287c11ac0aaf1254c6efdf30c43a480ff,
io.sundr:sundr-maven-plugin,0.101.0,sundrio/sundrio,0.101.0,7fe6f4443b4ed7645e55646b373a3e57f3c900df,
io.sundr:sundr-maven-plugin,0.101.3,sundrio/sundrio,0.101.3,05e08ec9716c99a664106c815cae5acabcc3c351,
io.sundr:sundr-maven-plugin,0.103.0,sundrio/sundrio,0.103.0,0b0b52c00a698b9e4cf1f05dfde45d40608a23f7,
io.sundr:sundr-maven-plugin,0.103.1,sundrio/sundrio,,,NO_TAG
io.sundr:sundr-maven-plugin,0.200.0,sundrio/sundrio,0.200.0,205004886c2f48a413bef8a78e74c5e286f1ad96,
io.swagger:swagger-annotations,1.6.12,swagger-api/swagger-core,v1.6.12,6e6c45f3278795f8e651aa9f6f109f7a1fe40c8b,
io.swagger:swagger-annotations,1.6.13,swagger-api/swagger-core,v1.6.13,197e229b4bc6999160afffa21d26ebef1ca22175,
io.undertow:undertow-core,2.3.10.Final,undertow-io/undertow,2.3.10.Final,7d8ebdd72ab175508a371fbd8a40888b25d17ab7,
io.undertow:undertow-core,2.3.7.Final,undertow-io/undertow,2.3.7.Final,b7c54c422166cb30f84ba15ff0c3ddfa29211f5e,
io.undertow:undertow-core,2.3.8.Final,undertow-io/undertow,2.3.8.Final,cea0f3f66ac0f4eafc23ac50708ba4cb1e0d9468,
io.undertow:undertow-websockets-jsr,2.3.10.Final,undertow-io/undertow,2.3.10.Final,7d8ebdd72ab175508a371fbd8a40888b25d17ab7,
io.undertow:undertow-websockets-jsr,2.3.7.Final,undertow-io/undertow,2.3.7.Final,b7c54c422166cb30f84ba15ff0c3ddfa29211f5e,
io.undertow:undertow-websockets-jsr,2.3.8.Final,undertow-io/undertow,2.3.8.Final,cea0f3f66ac0f4eafc23ac50708ba4cb1e0d9468,
io.undertow:undertow-websockets-jsr,2.3.9.Final,undertow-io/undertow,2.3.9.Final,4db51f960c801837c223667fbd4764b0eb07c7fc,
jakarta.activation:jakarta.activation-api,2.1.1,jakartaee/jaf-api,2.1.1,6c7dd2d757f6a705048c8b4e074c6f741dee110d,
jakarta.activation:jakarta.activation-api,2.1.2,jakartaee/jaf-api,2.1.2,0750e49665855b4b85487aa3780bf0daf09e8e4c,
jakarta.json.bind:jakarta.json.bind-api,3.0.0,jakartaee/jsonb-api,3.0.0,9dc1f518ec6663cbe29c94a1d2ad96694184f89c,
jakarta.json.bind:jakarta.json.bind-api,3.0.1,jakartaee/jsonb-api,3.0.1,2f3154010a16cb4569595c3c16125661f9407038,
jakarta.xml.bind:jakarta.xml.bind-api,4.0.0,jakartaee/jaxb-api,4.0.0,7e887b2a666361c1cb4ebb7b91c7c4922708a907,
jakarta.xml.bind:jakarta.xml.bind-api,4.0.1,jakartaee/jaxb-api,4.0.1,2ab55f89b89adefc88214f76dee4b250871de369,
jakarta.xml.bind:jakarta.xml.bind-api,4.0.2,jakartaee/jaxb-api,4.0.2,ca43d8b962e2ef8170616741ca5dd3312ee2316b,
joda-time:joda-time,2.10.10,JodaOrg/joda-time,v2.10.10,b126e8a56be3fbcd581efff9478aa11e310a4972,
joda-time:joda-time,2.12.5,JodaOrg/joda-time,v2.12.5,806da07a2502235d32672a47a6f5ebb434b40a0a,
joda-time:joda-time,2.12.6,JodaOrg/joda-time,v2.12.6,d95b7d6ae4d09be7ca565909eb36a2b5272da6ef,
joda-time:joda-time,2.12.7,JodaOrg/joda-time,v2.12.7,290a451396637ed9ad52cce61e40382e8095d8fb,
junit:junit,4.13.1,junit-team/junit4,r4.13.1,1b683f4ec07bcfa40149f086d32240f805487e66,
junit:junit,4.13.2,junit-team/junit4,r4.13.2,05fe2a64f59127c02135be22f416e91260d6ede6,
kr.motd.maven:os-maven-plugin,1.6.2,trustin/os-maven-plugin,os-maven-plugin-1.6.2,3d168a9d9731953d8a9002a73bd4657f2164648a,
kr.motd.maven:os-maven-plugin,1.7.1,trustin/os-maven-plugin,os-maven-plugin-1.7.1,9913130a2e3d77dedebc263e5c379685c438b59a,
net.alchim31.maven:scala-maven-plugin,3.1.3,,,,NO_GITHUB
net.alchim31.maven:scala-maven-plugin,3.4.6,,,,NO_GITHUB
net.alchim31.maven:scala-maven-plugin,4.8.1,,,,NO_GITHUB
net.alchim31.maven:scala-maven-plugin,4.9.0,,,,NO_GITHUB
net.bytebuddy:byte-buddy,1.14.10,,,,NO_GITHUB
net.bytebuddy:byte-buddy,1.14.11,,,,NO_GITHUB
net.bytebuddy:byte-buddy,1.14.12,,,,NO_GITHUB
net.bytebuddy:byte-buddy,1.14.13,,,,NO_GITHUB
net.bytebuddy:byte-buddy,1.14.14,,,,NO_GITHUB
net.bytebuddy:byte-buddy,1.14.15,,,,NO_GITHUB
net.bytebuddy:byte-buddy-agent,1.14.10,,,,NO_GITHUB
net.bytebuddy:byte-buddy-agent,1.14.11,,,,NO_GITHUB
net.bytebuddy:byte-buddy-agent,1.14.12,,,,NO_GITHUB
net.bytebuddy:byte-buddy-agent,1.14.13,,,,NO_GITHUB
net.bytebuddy:byte-buddy-agent,1.14.14,,,,NO_GITHUB
net.bytebuddy:byte-buddy-agent,1.14.5,,,,NO_GITHUB
net.bytebuddy:byte-buddy-agent,1.14.7,,,,NO_GITHUB
net.datafaker:datafaker,2.2.0,datafaker-net/datafaker,v2.2.0,60f0774f2f36e748cf428a760a84d4f8ec28806b,
net.datafaker:datafaker,2.2.1,datafaker-net/datafaker,v2.2.1,580f8f804707d2803f1b540b577e052e1d86d918,
net.datafaker:datafaker,2.2.2,datafaker-net/datafaker,v2.2.2,55ed9c7b8448f37f127480f7f6ecbbdcdf7b9adb,
net.jqwik:jqwik,1.8.3,jqwik-team/jqwik,1.8.3,80b6e679b96fcc91e1f6f0036c361f547d714f7c,
net.jqwik:jqwik,1.8.4,jqwik-team/jqwik,1.8.4,45d71c310799267eb7bcf2d649376475e61993c6,
net.kyori:adventure-platform-bukkit,4.3.0,KyoriPowered/adventure-platform,v4.3.0,44b38e6ef9e8ee0c9c0f9f4071fd71afcf1bd8f2,
net.kyori:adventure-platform-bukkit,4.3.2,KyoriPowered/adventure-platform,v4.3.2,995d9db1c73ae7c7468e30fbd9c05e40058012ab,
net.kyori:adventure-text-minimessage,4.15.0,KyoriPowered/adventure,v4.15.0,7ad3536ee0535a79027813d352e31e5e0f94d45c,
net.kyori:adventure-text-minimessage,4.16.0,KyoriPowered/adventure,v4.16.0,4d5360d1e7f0d1b6aaef64b1a9c4b7698317e3a1,
net.kyori:adventure-text-serializer-plain,4.14.0,KyoriPowered/adventure,v4.14.0,b6331b7ba3933b6845c36aee9e7abb0ab2c5eebb,
net.kyori:adventure-text-serializer-plain,4.15.0,KyoriPowered/adventure,v4.15.0,7ad3536ee0535a79027813d352e31e5e0f94d45c,
net.minidev:json-smart,2.5.0,netplex/json-smart-v2,2.5.0,54eb6f06cf4f63687d1147a9a3beaba8750e7be0,
net.minidev:json-smart,2.5.1,netplex/json-smart-v2,2.5.1,8346cf476ae583ab13d9e69360c3f095c2cdfed0,
net.ttddyy.observation:datasource-micrometer-spring-boot,1.0.2,jdbc-observations/datasource-micrometer,v1.0.2,ce1f2498ac44ff31cc12e59602850f36081c4296,
net.ttddyy.observation:datasource-micrometer-spring-boot,1.0.3,jdbc-observations/datasource-micrometer,v1.0.3,e7fcc837b848c6ba03b9da3fb1c3c7e92dfdb0e2,
nl.jqno.equalsverifier:equalsverifier-nodep,3.15,jqno/equalsverifier,equalsverifier-3.15,a4d3541f73e7f6acdf570c5cea41f08cc3ea9f73,
nl.jqno.equalsverifier:equalsverifier-nodep,3.15.1,jqno/equalsverifier,equalsverifier-3.15.1,44981affb97370a5eee8f2aa70dc328262f7e80c,
nl.jqno.equalsverifier:equalsverifier-nodep,3.15.2,jqno/equalsverifier,equalsverifier-3.15.2,30fb677a9cf40f36d3494b57542a24be7462d388,
nl.jqno.equalsverifier:equalsverifier-nodep,3.15.3,jqno/equalsverifier,equalsverifier-3.15.3,92e765882e6640fb96588e9c831e977db313d8a4,
nl.jqno.equalsverifier:equalsverifier-nodep,3.15.4,jqno/equalsverifier,equalsverifier-3.15.4,33aa1182bde08a2f64d92267ffaf5f866944500d,
nl.jqno.equalsverifier:equalsverifier-nodep,3.15.5,jqno/equalsverifier,equalsverifier-3.15.5,cf0133f95961bb50c8c83c71761ce1c7df83f545,
nl.jqno.equalsverifier:equalsverifier-nodep,3.15.7,jqno/equalsverifier,equalsverifier-3.15.7,681158fa2ddbbc791c94fe631369703704ca1229,
nl.jqno.equalsverifier:equalsverifier-nodep,3.15.8,jqno/equalsverifier,equalsverifier-3.15.8,720ff553ca2f831cc5b9dbd78623b3aaee69d312,
nl.jqno.equalsverifier:equalsverifier-nodep,3.16,jqno/equalsverifier,equalsverifier-3.16,4ccd3987257ea4e512cd41f8a43b01d7856d49c5,
nl.jqno.equalsverifier:equalsverifier-nodep,3.16.1,jqno/equalsverifier,equalsverifier-3.16.1,4d3414730c17571d744f131489dd1c6eafebeecb,
nz.net.ultraq.thymeleaf:thymeleaf-layout-dialect,3.2.1,ultraq/thymeleaf-layout-dialect,3.2.1,1af5824e33f61923a7f5700f2c41ede885f35b62,
nz.net.ultraq.thymeleaf:thymeleaf-layout-dialect,3.3.0,ultraq/thymeleaf-layout-dialect,3.3.0,b986d7790c9d5f9657d111f470d32b724ea5b31a,
org.antlr:antlr4-maven-plugin,4.13.0,antlr/antlr4,4.13.0,0ae86c2d69b6c438154e263a8b41195ed3c7377f,
org.antlr:antlr4-maven-plugin,4.13.1,antlr/antlr4,4.13.1,7ed420ff2c78d62883875c442d75f32e73bc86c8,
org.antlr:antlr4-runtime,4.13.0,antlr/antlr4,4.13.0,0ae86c2d69b6c438154e263a8b41195ed3c7377f,
org.antlr:antlr4-runtime,4.13.1,antlr/antlr4,4.13.1,7ed420ff2c78d62883875c442d75f32e73bc86c8,
org.apache.ant:ant,1.10.10,,,,NO_GITHUB
org.apache.ant:ant,1.10.11,,,,NO_GITHUB
org.apache.ant:ant,1.10.14,,,,NO_GITHUB
org.apache.avro:avro-maven-plugin,1.11.2,,,,NO_GITHUB
org.apache.avro:avro-maven-plugin,1.11.3,,,,NO_GITHUB
org.apache.commons:commons-compress,1.23.0,,,,NO_GITHUB
org.apache.commons:commons-compress,1.24.0,,,,NO_GITHUB
org.apache.commons:commons-compress,1.26.0,,,,NO_GITHUB
org.apache.commons:commons-compress,1.26.1,,,,NO_GITHUB
org.apache.commons:commons-configuration2,2.10.0,,,,NO_GITHUB
org.apache.commons:commons-configuration2,2.10.1,,,,NO_GITHUB
org.apache.commons:commons-text,1.10.0,,,,NO_GITHUB
org.apache.commons:commons-text,1.11.0,,,,NO_GITHUB
org.apache.commons:commons-text,1.12.0,,,,NO_GITHUB
org.apache.felix:maven-bundle-plugin,5.1.2,apache/felix-dev,maven-bundle-plugin-5.1.2,1b0471eb4b74a1917abbcf7b9c7e17335b854d1c,
org.apache.felix:maven-bundle-plugin,5.1.9,apache/felix-dev,maven-bundle-plugin-5.1.9,72a3d2f24bf348835e00b3a25d6b7f948a9a9f35,
org.apache.flink:flink-core,1.17.0,apache/flink,release-1.17.0,69ecda0c5e7d672a6706a26fd3a68af9e96cac9b,
org.apache.flink:flink-core,1.17.1,apache/flink,release-1.17.1,2750d5c26b1ff8e3706a7c0d7cb2c8955247f538,
org.apache.flink:flink-core,1.18.0,apache/flink,release-1.18.0,a5548ccc21d85288c111f6be9df36689a11f9f0d,
org.apache.flink:flink-core,1.18.1,apache/flink,release-1.18.1,a8c8b1c0e2c5e2e468f6de62f31a69e90af5c96e,
org.apache.flink:flink-json,1.17.0,,,,NO_GITHUB
org.apache.flink:flink-json,1.17.1,,,,NO_GITHUB
org.apache.flink:flink-json,1.18.0,,,,NO_GITHUB
org.apache.flink:flink-json,1.18.1,,,,NO_GITHUB
org.apache.flink:flink-json,1.19.0,,,,NO_GITHUB
org.apache.groovy:groovy-templates,4.0.14,apache/groovy,GROOVY_4_0_14,034b8f90052752c978c5454cc3b17b163c68ffec,
org.apache.groovy:groovy-templates,4.0.15,apache/groovy,GROOVY_4_0_15,f821c4627c197b6332e1d0e200681f3ae411df83,
org.apache.groovy:groovy-templates,4.0.17,apache/groovy,GROOVY_4_0_17,0bd637ff3a7bf917fe5edb907f331861c0df8a84,
org.apache.groovy:groovy-templates,4.0.18,apache/groovy,GROOVY_4_0_18,c17afaaf3984624e98519fcd397439d152f55b10,
org.apache.groovy:groovy-templates,4.0.19,apache/groovy,GROOVY_4_0_19,7d25a39ae4c26f38b86b181c98e079a40e1d787e,
org.apache.groovy:groovy-templates,4.0.20,apache/groovy,GROOVY_4_0_20,fb36c6a20b99e388abbe0348c8007f9636ca449a,
org.apache.groovy:groovy-templates,4.0.21,apache/groovy,GROOVY_4_0_21,9ca628fdf0871ac299b464867b1329de77a72ef4,
org.apache.httpcomponents:httpcore,4.4.15,,,,NO_GITHUB
org.apache.httpcomponents:httpcore,4.4.16,,,,NO_GITHUB
org.apache.logging.log4j:log4j-api,2.23.0,,,,NO_GITHUB
org.apache.logging.log4j:log4j-api,2.23.1,,,,NO_GITHUB
org.apache.logging.log4j:log4j-core,2.20.0,apache/logging-log4j2,rel/2.20.0,44ab0131718fc8d1fcb45604b0f1a8187765910d,
org.apache.logging.log4j:log4j-core,2.21.0,,,,NO_GITHUB
org.apache.logging.log4j:log4j-core,2.21.1,,,,NO_GITHUB
org.apache.logging.log4j:log4j-core,2.22.0,,,,NO_GITHUB
org.apache.logging.log4j:log4j-core,2.22.1,,,,NO_GITHUB
org.apache.logging.log4j:log4j-core,2.23.0,,,,NO_GITHUB
org.apache.logging.log4j:log4j-core,2.23.1,,,,NO_GITHUB
org.apache.maven.plugins:maven-assembly-plugin,3.6.0,,,,NO_GITHUB
org.apache.maven.plugins:maven-assembly-plugin,3.7.0,,,,NO_GITHUB
org.apache.maven.plugins:maven-assembly-plugin,3.7.1,,,,NO_GITHUB
org.apache.maven.plugins:maven-checkstyle-plugin,3.3.0,,,,NO_GITHUB
org.apache.maven.plugins:maven-checkstyle-plugin,3.3.1,,,,NO_GITHUB
org.apache.maven.plugins:maven-clean-plugin,3.3.1,,,,NO_GITHUB
org.apache.maven.plugins:maven-clean-plugin,3.3.2,,,,NO_GITHUB
org.apache.maven.plugins:maven-compiler-plugin,3.11.0,apache/maven-compiler-plugin,maven-compiler-plugin-3.11.0,eeda628b832bf3cc27571e2073f62d582a6d9527,
org.apache.maven.plugins:maven-compiler-plugin,3.12.0,apache/maven-compiler-plugin,maven-compiler-plugin-3.12.0,c08b0fda5445a2a3f495a3d6524d80c82fc9d5e6,
org.apache.maven.plugins:maven-compiler-plugin,3.12.1,apache/maven-compiler-plugin,maven-compiler-plugin-3.12.1,736da68adf543cf56cd82a68e5ad28d397ace2f4,
org.apache.maven.plugins:maven-compiler-plugin,3.13.0,apache/maven-compiler-plugin,maven-compiler-plugin-3.13.0,a1415aa3833df5985ecdc2b854ef516d3afbf348,
org.apache.maven.plugins:maven-dependency-plugin,3.6.0,,,,NO_GITHUB
org.apache.maven.plugins:maven-dependency-plugin,3.6.1,,,,NO_GITHUB
org.apache.maven.plugins:maven-deploy-plugin,3.1.1,,,,NO_GITHUB
org.apache.maven.plugins:maven-deploy-plugin,3.1.2,,,,NO_GITHUB
org.apache.maven.plugins:maven-enforcer-plugin,3.2.1,,,,NO_GITHUB
org.apache.maven.plugins:maven-enforcer-plugin,3.3.0,,,,NO_GITHUB
org.apache.maven.plugins:maven-enforcer-plugin,3.4.0,,,,NO_GITHUB
org.apache.maven.plugins:maven-enforcer-plugin,3.4.1,,,,NO_GITHUB
org.apache.maven.plugins:maven-failsafe-plugin,3.1.2,,,,NO_GITHUB
org.apache.maven.plugins:maven-failsafe-plugin,3.2.1,,,,NO_GITHUB
org.apache.maven.plugins:maven-failsafe-plugin,3.2.2,,,,NO_GITHUB
org.apache.maven.plugins:maven-failsafe-plugin,3.2.3,,,,NO_GITHUB
org.apache.maven.plugins:maven-failsafe-plugin,3.2.5,,,,NO_GITHUB
org.apache.maven.plugins:maven-gpg-plugin,3.1.0,,,,NO_GITHUB
org.apache.maven.plugins:maven-gpg-plugin,3.2.0,,,,NO_GITHUB
org.apache.maven.plugins:maven-gpg-plugin,3.2.1,,,,NO_GITHUB
org.apache.maven.plugins:maven-gpg-plugin,3.2.2,,,,NO_GITHUB
org.apache.maven.plugins:maven-gpg-plugin,3.2.3,,,,NO_GITHUB
org.apache.maven.plugins:maven-gpg-plugin,3.2.4,,,,NO_GITHUB
org.apache.maven.plugins:maven-install-plugin,3.1.1,,,,NO_GITHUB
org.apache.maven.plugins:maven-install-plugin,3.1.2,,,,NO_GITHUB
org.apache.maven.plugins:maven-jar-plugin,3.1.0,,,,NO_GITHUB
org.apache.maven.plugins:maven-jar-plugin,3.3.0,,,,NO_GITHUB
org.apache.maven.plugins:maven-jar-plugin,3.4.0,,,,NO_GITHUB
org.apache.maven.plugins:maven-jar-plugin,3.4.1,,,,NO_GITHUB
org.apache.maven.plugins:maven-javadoc-plugin,3.5.0,,,,NO_GITHUB
org.apache.maven.plugins:maven-javadoc-plugin,3.6.0,,,,NO_GITHUB
org.apache.maven.plugins:maven-javadoc-plugin,3.6.2,,,,NO_GITHUB
org.apache.maven.plugins:maven-javadoc-plugin,3.6.3,,,,NO_GITHUB
org.apache.maven.plugins:maven-plugin-plugin,3.10.2,,,,NO_GITHUB
org.apache.maven.plugins:maven-plugin-plugin,3.11.0,,,,NO_GITHUB
org.apache.maven.plugins:maven-scm-plugin,2.0.1,,,,NO_GITHUB
org.apache.maven.plugins:maven-scm-plugin,2.1.0,,,,NO_GITHUB
org.apache.maven.plugins:maven-shade-plugin,3.5.0,,,,NO_GITHUB
org.apache.maven.plugins:maven-shade-plugin,3.5.1,,,,NO_GITHUB
org.apache.maven.plugins:maven-shade-plugin,3.5.2,,,,NO_GITHUB
org.apache.maven.plugins:maven-shade-plugin,3.5.3,,,,NO_GITHUB
org.apache.maven.plugins:maven-source-plugin,3.3.0,,,,NO_GITHUB
org.apache.maven.plugins:maven-source-plugin,3.3.1,,,,NO_GITHUB
org.apache.maven.plugins:maven-surefire-plugin,3.0.0,,,,NO_GITHUB
org.apache.maven.plugins:maven-surefire-plugin,3.1.0,,,,NO_GITHUB
org.apache.maven.plugins:maven-surefire-plugin,3.1.2,,,,NO_GITHUB
org.apache.maven.plugins:maven-surefire-plugin,3.2.1,,,,NO_GITHUB
org.apache.maven.plugins:maven-surefire-plugin,3.2.2,,,,NO_GITHUB
org.apache.maven.plugins:maven-surefire-plugin,3.2.3,,,,NO_GITHUB
org.apache.maven.plugins:maven-surefire-plugin,3.2.5,,,,NO_GITHUB
org.apache.maven.plugins:maven-surefire-report-plugin,3.1.2,,,,NO_GITHUB
org.apache.maven.plugins:maven-surefire-report-plugin,3.2.1,,,,NO_GITHUB
org.apache.maven.plugins:maven-surefire-report-plugin,3.2.2,,,,NO_GITHUB
org.apache.maven.plugins:maven-surefire-report-plugin,3.2.3,,,,NO_GITHUB
org.apache.maven.plugins:maven-surefire-report-plugin,3.2.5,,,,NO_GITHUB
org.apache.maven.resolver:maven-resolver-api,1.9.18,,,,NO_GITHUB
org.apache.maven.resolver:maven-resolver-api,1.9.20,,,,NO_GITHUB
org.assertj:assertj-core,3.24.2,,,,NO_GITHUB
org.assertj:assertj-core,3.25.0,,,,NO_GITHUB
org.assertj:assertj-core,3.25.1,assertj/assertj,assertj-build-3.25.1,65f6433d26f74795434ac2ef2118cd5cec7c1be4,
org.assertj:assertj-core,3.25.2,assertj/assertj,assertj-build-3.25.2,96ef63e2772937a8f448b7824750f5cce145988a,
org.assertj:assertj-core,3.25.3,assertj/assertj,assertj-build-3.25.3,cd72df8cf56e2b7dc6f560cc1066c3643920fe7f,
org.awaitility:awaitility,4.2.0,awaitility/awaitility,awaitility-4.2.0,b5d82b703caa88b2ddc2ae0d06020c286d023a79,
org.awaitility:awaitility,4.2.1,awaitility/awaitility,awaitility-4.2.1,ff13b724c45853c3becbec988a1447ac2508762d,
org.bouncycastle:bcprov-jdk18on,1.78,,,,NO_GITHUB
org.bouncycastle:bcprov-jdk18on,1.78.1,,,,NO_GITHUB
org.codehaus.cargo:cargo-maven3-plugin,1.10.11,,,,NO_GITHUB
org.codehaus.cargo:cargo-maven3-plugin,1.10.12,,,,NO_GITHUB
org.codehaus.cargo:cargo-maven3-plugin,1.10.13,,,,NO_GITHUB
org.codehaus.groovy:groovy,3.0.18,apache/groovy,GROOVY_3_0_18,07d4af6e4d3e5fbed2cf67ae0058bdcf83042e7f,
org.codehaus.groovy:groovy,3.0.19,apache/groovy,GROOVY_3_0_19,1040cabcefe8e0776ca2d87e7a3f0ee2840dbf68,
org.codehaus.janino:commons-compiler,3.1.11,janino-compiler/janino,v3.1.11,7b69754847b87b7f55fb2bddc6380f61c804ce4a,
org.codehaus.janino:commons-compiler,3.1.12,janino-compiler/janino,v3.1.12,bc44da6fc90340221de28a68d2a71603358e5104,
org.codehaus.janino:janino,3.1.11,janino-compiler/janino,v3.1.11,7b69754847b87b7f55fb2bddc6380f61c804ce4a,
org.codehaus.janino:janino,3.1.12,janino-compiler/janino,v3.1.12,bc44da6fc90340221de28a68d2a71603358e5104,
org.codehaus.mojo:animal-sniffer-annotations,1.20,mojohaus/animal-sniffer,animal-sniffer-parent-1.20,a69b280569ff52694cb2cec65b907b85ee41c517,
org.codehaus.mojo:animal-sniffer-annotations,1.23,mojohaus/animal-sniffer,1.23,bae24234f6611b434d250ef47bbba101f3f2781b,
org.codehaus.mojo:flatten-maven-plugin,1.4.1,mojohaus/flatten-maven-plugin,1.4.1,f315832a7bc8d71200ad1df8b001c45952b46a2c,
org.codehaus.mojo:flatten-maven-plugin,1.5.0,mojohaus/flatten-maven-plugin,1.5.0,632d94d3f12e56cf560adb60a579de2e56f29c88,
org.codehaus.mojo:versions-maven-plugin,2.16.1,mojohaus/versions,2.16.1,a7e6cdb8dc5b7b59e274957a0cf4b7255fee6650,
org.codehaus.mojo:versions-maven-plugin,2.16.2,mojohaus/versions,2.16.2,6b33fbc5eb2d57a25a5bbc2606afb565f4b1998b,
org.codehaus.plexus:plexus-archiver,4.8.0,codehaus-plexus/plexus-archiver,plexus-archiver-4.8.0,0333ef8a42cf9ba66941cf73e8d35b7aa5faa342,
org.codehaus.plexus:plexus-archiver,4.9.1,codehaus-plexus/plexus-archiver,plexus-archiver-4.9.1,fb02b02a78d4adecef4e32f304f9f6d3ab7b9861,
org.codehaus.plexus:plexus-archiver,4.9.2,codehaus-plexus/plexus-archiver,plexus-archiver-4.9.2,30e3a058ff1a68ad934c105e097a137e05743111,
org.codehaus.plexus:plexus-classworlds,2.7.0,codehaus-plexus/plexus-classworlds,plexus-classworlds-2.7.0,6419d5d0155e369c38fcc5ee695268c399c40ef7,
org.codehaus.plexus:plexus-classworlds,2.8.0,codehaus-plexus/plexus-classworlds,plexus-classworlds-2.8.0,fc454e40c98c7122338a35733d8d00eee4e0eefb,
org.codehaus.plexus:plexus-component-annotations,1.7.1,codehaus-plexus/plexus-containers,plexus-containers-1.7.1,e2e7ba5ee302414c88254843e1f8d7fba8497dc6,
org.codehaus.plexus:plexus-component-annotations,2.1.1,codehaus-plexus/plexus-containers,plexus-containers-2.1.1,3b0a8d5fd086e3f74ccdeecaac9cd63e44047e91,
org.codehaus.plexus:plexus-component-annotations,2.2.0,codehaus-plexus/plexus-containers,plexus-containers-2.2.0,2b1502b4cf2e6c2ecd381f515c38bfe335d4e3bb,
org.codehaus.plexus:plexus-io,3.4.1,codehaus-plexus/plexus-io,plexus-io-3.4.1,40cb5c31ae61318352eebb97141cfc4d3996251a,
org.codehaus.plexus:plexus-io,3.4.2,codehaus-plexus/plexus-io,plexus-io-3.4.2,f4a7838b46e24814b1bad5a069d46627056c33f1,
org.codehaus.plexus:plexus-utils,4.0.0,codehaus-plexus/plexus-utils,plexus-utils-4.0.0,0803079106d268c234271ef6ddfce7e35f6def5a,
org.codehaus.plexus:plexus-utils,4.0.1,codehaus-plexus/plexus-utils,plexus-utils-4.0.1,31ef81812095709ebbfa0e4b707e1c3ad00a51e5,
org.commonmark:commonmark,0.20.0,commonmark/commonmark-java,commonmark-parent-0.20.0,fcad995248e1b4c6e607656daaf2d6263270e9e7,
org.commonmark:commonmark,0.21.0,commonmark/commonmark-java,commonmark-parent-0.21.0,db8469c78cdbec6a5cb0375e5fce4844d9ad57d7,
org.datanucleus:datanucleus-maven-plugin,5.2.1,,,,NO_GITHUB
org.datanucleus:datanucleus-maven-plugin,6.0.0-release,,,,NO_GITHUB
org.eclipse.persistence:eclipselink,2.7.13,eclipse-ee4j/eclipselink,2.7.13,7ffb888abf7c1737d7efa364eb44d5d55ddb047b,
org.eclipse.persistence:eclipselink,2.7.14,eclipse-ee4j/eclipselink,2.7.14,d05cebc9b0e0d56c7ef17a46cd877850afcb7de4,
org.elasticsearch.client:elasticsearch-rest-high-level-client,7.17.15,elastic/elasticsearch,v7.17.15,0b8ecfb4378335f4689c4223d1f1115f16bef3ba,
org.elasticsearch.client:elasticsearch-rest-high-level-client,7.17.16,elastic/elasticsearch,v7.17.16,2b23fa076334f8d4651aeebe458a955a2ae23218,
org.elasticsearch.client:elasticsearch-rest-high-level-client,7.17.17,elastic/elasticsearch,v7.17.17,aba4da413a368e296dfc64fb20897334d0340aa1,
org.firebirdsql.jdbc:jaybird,4.0.6.java8,FirebirdSQL/jaybird,v4.0.6,cd12c4071b4808d26cb1c459400f8e6bab751b0b,
org.firebirdsql.jdbc:jaybird,5.0.2.java8,FirebirdSQL/jaybird,v5.0.2,031e369708feb4ec0f7bf8e4c7b74e787f7abe85,
org.firebirdsql.jdbc:jaybird,5.0.3.java11,FirebirdSQL/jaybird,v5.0.3,c4ff5aa9421f08b5a2afa492739b28356229f371,
org.firebirdsql.jdbc:jaybird,5.0.3.java8,FirebirdSQL/jaybird,v5.0.3,c4ff5aa9421f08b5a2afa492739b28356229f371,
org.firebirdsql.jdbc:jaybird,5.0.4.java11,FirebirdSQL/jaybird,v5.0.4,0d27a291c716286557747519495803a1f2506f61,
org.flywaydb:flyway-mysql,10.1.0,,,,NO_GITHUB
org.flywaydb:flyway-mysql,9.20.0,,,,NO_GITHUB
org.furyio:fury-core,0.1.1,apache/incubator-fury,v0.1.1,6b54cf7dff8fec691b16ec3531257077037c678e,
org.furyio:fury-core,0.1.2,apache/incubator-fury,v0.1.2,0e6152199bdeff95d1f03a5b607269a020cb926d,
org.gaul:modernizer-maven-plugin,2.6.0,gaul/modernizer-maven-plugin,modernizer-maven-plugin-2.6.0,0eaf84f416a89b8c2f6328e891929f8a3590a78a,
org.gaul:modernizer-maven-plugin,2.7.0,gaul/modernizer-maven-plugin,modernizer-maven-plugin-2.7.0,95e6c6296ec7544925113b8e65b53d52f9162f40,
org.gaul:modernizer-maven-plugin,2.8.0,gaul/modernizer-maven-plugin,modernizer-maven-plugin-2.8.0,fe0509f227162c31c7a3697da15339c5ef98b84d,
org.gitlab4j:gitlab4j-api,5.3.0,gitlab4j/gitlab4j-api,gitlab4j-api-5.3.0,a45fc12eb597dda20e84c21611fb4139fbc5d6be,
org.gitlab4j:gitlab4j-api,5.4.0,gitlab4j/gitlab4j-api,gitlab4j-api-5.4.0,793146e2867ea036b1d5454bd31b3287f8fb34c5,
org.glassfish.jaxb:jaxb-runtime,4.0.3,,,,NO_GITHUB
org.glassfish.jaxb:jaxb-runtime,4.0.4,,,,NO_GITHUB
org.glassfish.jaxb:jaxb-runtime,4.0.5,,,,NO_GITHUB
org.hibernate.orm:hibernate-micrometer,6.3.0.Final,hibernate/hibernate-orm,6.3.0,a4bebd7e0dd638a4bf5971198d3ae11c87cd95d5,
org.hibernate.orm:hibernate-micrometer,6.3.1.Final,hibernate/hibernate-orm,6.3.1,1c5bdd51514c5b72195be7187d185f5406f65e24,
org.hibernate:hibernate-search-orm,5.11.12.Final,hibernate/hibernate-search,5.11.12.Final,db66403bdd5ff275073c294466a03bb4a06d5d05,
org.hibernate:hibernate-search-orm,5.11.9.Final,hibernate/hibernate-search,5.11.9.Final,b2843ce71bdabb9e78d9da36f58edd905b91483c,
org.jacoco:jacoco-maven-plugin,0.8.10,jacoco/jacoco,v0.8.10,8ea9668fa0272a6649e031f580c04ede04a7f17c,
org.jacoco:jacoco-maven-plugin,0.8.11,jacoco/jacoco,v0.8.11,f33756c37f1e41041d84018047b14cb394742761,
org.jacoco:jacoco-maven-plugin,0.8.12,jacoco/jacoco,v0.8.12,dbfb6f2ad904158b5b40a93fea222e263aeaf9ab,
org.jacoco:jacoco-maven-plugin,0.8.7,jacoco/jacoco,v0.8.7,d19ea595a67af6f16d76b49ccdc12858c3570298,
org.jacoco:jacoco-maven-plugin,0.8.8,jacoco/jacoco,v0.8.8,5dcf34ad180c125ee3214437b0ca4f9b7b6258fc,
org.javassist:javassist,3.29.2-GA,jboss-javassist/javassist,,,NO_TAG
org.javassist:javassist,3.30.1-GA,jboss-javassist/javassist,,,NO_TAG
org.javassist:javassist,3.30.2-GA,jboss-javassist/javassist,,,NO_TAG
org.javers:javers-core,7.3.5,javers/javers,javers-7.3.5,6633d3104d0b618b09af3d11eb27d3155f42ee0b,
org.javers:javers-core,7.3.6,javers/javers,javers-7.3.6,b263ea883c148b50c4f6dfb591b2241a88ea591c,
org.javers:javers-core,7.3.7,javers/javers,javers-7.3.7,37a7e7e8a9553920839631b40187236dbea50070,
org.javers:javers-core,7.3.8,javers/javers,javers-7.3.8,e4e653ee550d4b92bc2227ee34b1fbd8ef4935ad,
org.javers:javers-core,7.4.0,javers/javers,javers-7.4.0,ca61c358e563be3168dd7c9fa69a07a96c35f20e,
org.javers:javers-core,7.4.1,javers/javers,javers-7.4.1,0e7ba7a7d52597c55e9ef63d4389f7c39e7f51ed,
org.javers:javers-core,7.4.2,javers/javers,javers-7.4.2,54f86e4ac99f723970dc8caec4d2cdab1c864b6d,
org.jboss.logging:jboss-logging,3.4.2.Final,jboss-logging/jboss-logging,3.4.2.Final,8d42b4ed170fd961f32663fc4b4816ba4a44d93c,
org.jboss.logging:jboss-logging,3.5.3.Final,jboss-logging/jboss-logging,3.5.3.Final,c649ff885faa9d6ea662e5af9aed7020d2ceb3a9,
org.jboss.remoting:jboss-remoting,5.0.27.Final,jboss/jboss-parent-pom,,,NO_TAG
org.jboss.remoting:jboss-remoting,5.0.28.Final,jboss/jboss-parent-pom,,,NO_TAG
org.jetbrains.dokka:dokka-maven-plugin,1.8.10,Kotlin/dokka,v1.8.10,775377625994339aff47b078013f60f518d22919,
org.jetbrains.dokka:dokka-maven-plugin,1.8.20,Kotlin/dokka,v1.8.20,3cfc50dbbac369e5827c41be643298865dccf780,
org.jetbrains.dokka:dokka-maven-plugin,1.9.0,Kotlin/dokka,v1.9.0,ff75c0004d3da5b2e1f88d0d0aaf33d570da2dee,
org.jetbrains.dokka:dokka-maven-plugin,1.9.10,Kotlin/dokka,v1.9.10,78f9c9278af2e7938505521d3088755ca69afd6f,
org.jetbrains.dokka:dokka-maven-plugin,1.9.20,Kotlin/dokka,v1.9.20,cea2574021b720728bb79d9388480aa7c54f0dc1,
org.jetbrains:annotations,21.0.1,JetBrains/java-annotations,21.0.1,b3c1cd7e09e8dba82a1afa5d7a655bf9e23f1562,
org.jetbrains:annotations,24.0.1,JetBrains/java-annotations,24.0.1,784429a1111930d51904cf8dcf4259f077d6bc7f,
org.jetbrains:annotations,24.1.0,JetBrains/java-annotations,24.1.0,b41de54f50e463211c71435c0fd86edeb9e3a152,
org.jline:jline-reader,3.23.0,jline/jline3,jline-parent-3.23.0,cc57d0bab938742459e414400e4241ef261edcbe,
org.jline:jline-reader,3.24.0,jline/jline3,jline-parent-3.24.0,0a04e11d4afdd7318fff93a0750c81840719a3f1,
org.jline:jline-reader,3.24.1,jline/jline3,jline-parent-3.24.1,05669e14bd1b376aff4ec40a007569e47843d8c1,
org.jline:jline-terminal,3.24.0,jline/jline3,jline-parent-3.24.0,0a04e11d4afdd7318fff93a0750c81840719a3f1,
org.jline:jline-terminal,3.24.1,jline/jline3,jline-parent-3.24.1,05669e14bd1b376aff4ec40a007569e47843d8c1,
org.joda:joda-money,1.0.1,,,,NO_GITHUB
org.joda:joda-money,1.0.4,JodaOrg/joda-money,v1.0.4,d47efe0d6ac699f5d976147cef62748d34914444,
org.json:json,20230618,stleary/JSON-java,20230618,a963115ac2527dee688f54f7c1150d6f25b887c1,
org.json:json,20231013,stleary/JSON-java,20231013,f346203cd663bb680cad0d5894e7c147e36f31cd,
org.json:json,20240205,stleary/JSON-java,20240205,010e83b925642a654bd02a90fdddc26222e425f0,
org.json:json,20240303,stleary/JSON-java,20240303,f9b5587c87aaf02e4a5ed1991d48d6c05993624a,
org.jsoup:jsoup,1.17.1,jhy/jsoup,jsoup-1.17.1,8eecef379d5c5af27a9a438fdfce82460e44f08b,
org.jsoup:jsoup,1.17.2,jhy/jsoup,jsoup-1.17.2,9dec1baba5b3d0fa11268c95630b391f9de664ad,
org.junit.jupiter:junit-jupiter,5.10.0,junit-team/junit5,r5.10.0,7f619ca7ac9ecd1b20cc01c44a4df98f5fb67804,
org.junit.jupiter:junit-jupiter,5.10.1,junit-team/junit5,r5.10.1,e5f50d8720741623915979ac154b65bcbcd6a577,
org.junit.jupiter:junit-jupiter,5.10.2,junit-team/junit5,r5.10.2,4c0dddad1b96d4a20e92a2cd583954643ac56ac0,
org.junit.jupiter:junit-jupiter,5.9.3,junit-team/junit5,r5.9.3,bd7d03f517dfca3730fbd123c5fd4d4b70930129,
org.junit.jupiter:junit-jupiter-api,5.10.0,junit-team/junit5,r5.10.0,7f619ca7ac9ecd1b20cc01c44a4df98f5fb67804,
org.junit.jupiter:junit-jupiter-api,5.10.1,junit-team/junit5,r5.10.1,e5f50d8720741623915979ac154b65bcbcd6a577,
org.junit.jupiter:junit-jupiter-api,5.10.2,junit-team/junit5,r5.10.2,4c0dddad1b96d4a20e92a2cd583954643ac56ac0,
org.junit.jupiter:junit-jupiter-engine,5.10.0,junit-team/junit5,r5.10.0,7f619ca7ac9ecd1b20cc01c44a4df98f5fb67804,
org.junit.jupiter:junit-jupiter-engine,5.10.1,junit-team/junit5,r5.10.1,e5f50d8720741623915979ac154b65bcbcd6a577,
org.junit.jupiter:junit-jupiter-engine,5.10.2,junit-team/junit5,r5.10.2,4c0dddad1b96d4a20e92a2cd583954643ac56ac0,
org.junit.jupiter:junit-jupiter-params,5.10.1,junit-team/junit5,r5.10.1,e5f50d8720741623915979ac154b65bcbcd6a577,
org.junit.jupiter:junit-jupiter-params,5.10.2,junit-team/junit5,r5.10.2,4c0dddad1b96d4a20e92a2cd583954643ac56ac0,
org.junit.platform:junit-platform-commons,1.10.1,junit-team/junit5,,,NO_TAG
org.junit.platform:junit-platform-commons,1.10.2,junit-team/junit5,,,NO_TAG
org.junit:junit-bom,5.10.1,junit-team/junit5,r5.10.1,e5f50d8720741623915979ac154b65bcbcd6a577,
org.junit:junit-bom,5.10.2,junit-team/junit5,r5.10.2,4c0dddad1b96d4a20e92a2cd583954643ac56ac0,
org.liquibase.ext:liquibase-sdk-maven-plugin,0.10.20,liquibase/liquibase-sdk-maven-plugin,v0.10.20,aa41504963485e0eb492bc2a2e5cc36b9e770640,
org.liquibase.ext:liquibase-sdk-maven-plugin,0.10.22,liquibase/liquibase-sdk-maven-plugin,v0.10.22,d4c7d9af605271440a15646774e0c1d8805fa058,
org.liquibase.ext:liquibase-sdk-maven-plugin,0.10.23,liquibase/liquibase-sdk-maven-plugin,v0.10.23,db40d53a195bff71fe17891e2c2a5fe70ae20bb2,
org.mockito:mockito-core,5.10.0,mockito/mockito,v5.10.0,7e1bae890361b94ac9e9fee04b4914df854b1b78,
org.mockito:mockito-core,5.11.0,mockito/mockito,v5.11.0,ea6ff8c9b7cacb67500cce30fa915de9f7b8ec0e,
org.mockito:mockito-core,5.4.0,mockito/mockito,v5.4.0,91f18ea1648e389bea06289d818def7978e82288,
org.mockito:mockito-core,5.5.0,mockito/mockito,v5.5.0,741fe8102eba820dcabc66f57ce9f5bb82694120,
org.mockito:mockito-core,5.6.0,mockito/mockito,v5.6.0,6f4eb023ac76f2d59020f59a5a8e8c602a094235,
org.mockito:mockito-core,5.7.0,mockito/mockito,v5.7.0,5c4e72c14959c893269aa980b527da2ebc6d9c61,
org.mockito:mockito-core,5.8.0,mockito/mockito,v5.8.0,aecf6b5399451690f42d5db1a0c50796d4c5c67e,
org.mockito:mockito-core,5.9.0,mockito/mockito,v5.9.0,e4fa6391b7ba988a4f7ea6df2cce42b8ab64c926,
org.mockito:mockito-junit-jupiter,5.10.0,mockito/mockito,v5.10.0,7e1bae890361b94ac9e9fee04b4914df854b1b78,
org.mockito:mockito-junit-jupiter,5.11.0,mockito/mockito,v5.11.0,ea6ff8c9b7cacb67500cce30fa915de9f7b8ec0e,
org.mockito:mockito-junit-jupiter,5.2.0,mockito/mockito,v5.2.0,74c811a60a5bf6b9ecb10d79ea95dba860b5cbf8,
org.mockito:mockito-junit-jupiter,5.7.0,mockito/mockito,v5.7.0,5c4e72c14959c893269aa980b527da2ebc6d9c61,
org.mockito:mockito-junit-jupiter,5.8.0,mockito/mockito,v5.8.0,aecf6b5399451690f42d5db1a0c50796d4c5c67e,
org.mockito:mockito-junit-jupiter,5.9.0,mockito/mockito,v5.9.0,e4fa6391b7ba988a4f7ea6df2cce42b8ab64c926,
org.moditect:moditect-maven-plugin,1.0.0.Final,,,,NO_GITHUB
org.moditect:moditect-maven-plugin,1.1.0,,,,NO_GITHUB
org.moditect:moditect-maven-plugin,1.2.0.Final,,,,NO_GITHUB
org.moditect:moditect-maven-plugin,1.2.1.Final,,,,NO_GITHUB
org.mongodb:bson,4.10.2,mongodb/mongo-java-driver,r4.10.2,2bad9c5ce537b798fa776882913255d6be1f5121,
org.mongodb:bson,4.11.0,mongodb/mongo-java-driver,r4.11.0,3f6e9b0f791049d2c25e697e8919be14b88584ef,
org.mongodb:bson,4.11.1,mongodb/mongo-java-driver,r4.11.1,f7715c1c80ac32f133695208081fbe7ea9ff79a2,
org.mongodb:bson,5.0.0,mongodb/mongo-java-driver,r5.0.0,6b1388b7acb7b32bf37c16d9fd04fda0ff7e7650,
org.mongodb:bson,5.0.1,mongodb/mongo-java-driver,r5.0.1,e605774966caab3670670fae7f9f065f1bd94432,
org.mongodb:bson,5.1.0,mongodb/mongo-java-driver,r5.1.0,662a121ed4eb927dd2ce7e2b2a67a481c981dada,
org.mongodb:mongo-java-driver,3.12.14,mongodb/mongo-java-driver,r3.12.14,9118eb8a8d6688001c9822ed5509e2e3000a2579,
org.mongodb:mongo-java-driver,3.12.8,mongodb/mongo-java-driver,r3.12.8,eb2ae257ff71514c839e3a0c9d23fda61da133de,
org.msgpack:jackson-dataformat-msgpack,0.9.4,msgpack/msgpack-java,v0.9.4,60f5aa62ea3e22b1c7964b0221c26e601d956537,
org.msgpack:jackson-dataformat-msgpack,0.9.5,msgpack/msgpack-java,v0.9.5,3085cc16dabbd13bedcb7d8820af255b606c1470,
org.msgpack:jackson-dataformat-msgpack,0.9.6,msgpack/msgpack-java,v0.9.6,3929eb362df2b55e70bd23548bfaa34f2774d18b,
org.msgpack:jackson-dataformat-msgpack,0.9.8,msgpack/msgpack-java,v0.9.8,480fd736bac5b02657c566af2d32a0674c64d370,
org.mvnpm.at.mvnpm:vaadin-webcomponents,24.2.1,vaadin/web-components,v24.2.1,2272e10119a59a95901b160f96cbbcae523aea1a,
org.mvnpm.at.mvnpm:vaadin-webcomponents,24.2.3,vaadin/web-components,v24.2.3,72e557e765e72559e9c6a525e257d185ad186dc5,
org.mvnpm.at.mvnpm:vaadin-webcomponents,24.3.10,vaadin/web-components,v24.3.10,32a4f327e78490074eaefa768f58857b83ca6278,
org.mvnpm.at.mvnpm:vaadin-webcomponents,24.3.11,vaadin/web-components,v24.3.11,890abeb0937416074456782aa90ed92c1bfe9cac,
org.mvnpm.at.mvnpm:vaadin-webcomponents,24.3.12,vaadin/web-components,v24.3.12,280d0a3d666df88b3ccaf7496e5561f45dbbbd61,
org.mvnpm:es-module-shims,1.8.0,guybedford/es-module-shims,1.8.0,525c627cd3fad4dddb716c27604c7eb81d3d00ec,
org.mvnpm:es-module-shims,1.8.2,guybedford/es-module-shims,1.8.2,a6fb8d50336911e0cc02d85905d999e604abbbf3,
org.neo4j.client:neo4j-browser,5.12.0,neo4j/neo4j,5.12.0,9bc54459577a280cfdd6d0d167739132badb9212,
org.neo4j.client:neo4j-browser,5.15.0,neo4j/neo4j,5.15.0,d6e0ae2d3a8286646445083917fb01a18f1bca9f,
org.neo4j:neo4j-native,5.13.0,neo4j/neo4j,5.13.0,60f235e37443d4820c5c5c2a251a4096cf18a430,
org.neo4j:neo4j-native,5.15.0,neo4j/neo4j,5.15.0,d6e0ae2d3a8286646445083917fb01a18f1bca9f,
org.neo4j:neo4j-ogm-bolt-driver,4.0.8,neo4j/neo4j-ogm,v4.0.8,6b1c87d8369b040e3bb44d023c1709c1cbf02994,
org.neo4j:neo4j-ogm-bolt-driver,4.0.9,neo4j/neo4j-ogm,v4.0.9,a96622ca8fd8e2e4b253efee38dab9264dcdd699,
org.neo4j:neo4j-ogm-core,4.0.8,neo4j/neo4j-ogm,v4.0.8,6b1c87d8369b040e3bb44d023c1709c1cbf02994,
org.neo4j:neo4j-ogm-core,4.0.9,neo4j/neo4j-ogm,v4.0.9,a96622ca8fd8e2e4b253efee38dab9264dcdd699,
org.openjdk.jmh:jmh-generator-annprocess,1.36,openjdk/jmh,1.36,f2f11b30667906438e3100e79af497f55d615398,
org.openjdk.jmh:jmh-generator-annprocess,1.37,openjdk/jmh,1.37,2effa2c8310e1d3ad03c8ee02024edca9252b46a,
org.openjfx:javafx-controls,19.0.2.1,openjdk/jfx,,,NO_TAG
org.openjfx:javafx-controls,21.0.1,openjdk/jfx,,,NO_TAG
org.openjfx:javafx-fxml,17.0.10,openjdk/jfx,,,NO_TAG
org.openjfx:javafx-fxml,20.0.2,openjdk/jfx,,,NO_TAG
org.openjfx:javafx-fxml,21,openjdk/jfx,jdk-10+21,8b24ee504c037bdfcb566c3875ce960a4a46a0f6,
org.openjfx:javafx-fxml,21.0.1,openjdk/jfx,,,NO_TAG
org.openjfx:javafx-fxml,21.0.2,openjdk/jfx,,,NO_TAG
org.openjfx:javafx-fxml,21.0.3,openjdk/jfx,,,NO_TAG
org.openjfx:javafx-media,20.0.2,openjdk/jfx,,,NO_TAG
org.openjfx:javafx-media,21,openjdk/jfx,jdk-10+21,8b24ee504c037bdfcb566c3875ce960a4a46a0f6,
org.openjfx:javafx-media,21.0.1,openjdk/jfx,,,NO_TAG
org.openjfx:javafx-media,21.0.2,openjdk/jfx,,,NO_TAG
org.openjfx:javafx-swing,20.0.2,openjdk/jfx,,,NO_TAG
org.openjfx:javafx-swing,21,openjdk/jfx,jdk-10+21,8b24ee504c037bdfcb566c3875ce960a4a46a0f6,
org.openjfx:javafx-swing,21.0.1,openjdk/jfx,,,NO_TAG
org.openjfx:javafx-swing,21.0.2,openjdk/jfx,,,NO_TAG
org.openjfx:javafx-web,20.0.2,openjdk/jfx,,,NO_TAG
org.openjfx:javafx-web,21,openjdk/jfx,jdk-10+21,8b24ee504c037bdfcb566c3875ce960a4a46a0f6,
org.openjfx:javafx-web,21.0.1,openjdk/jfx,,,NO_TAG
org.openjfx:javafx-web,21.0.2,openjdk/jfx,,,NO_TAG
org.orbisgis:h2gis,2.2.0,,,,NO_GITHUB
org.orbisgis:h2gis,2.2.1,,,,NO_GITHUB
org.ow2.asm:asm,9.5,,,,NO_GITHUB
org.ow2.asm:asm,9.6,,,,NO_GITHUB
org.ow2.asm:asm,9.7,,,,NO_GITHUB
org.ow2.asm:asm-bom,9.6,,,,NO_GITHUB
org.ow2.asm:asm-bom,9.7,,,,NO_GITHUB
org.ow2.asm:asm-commons,9.2,,,,NO_GITHUB
org.ow2.asm:asm-commons,9.6,,,,NO_GITHUB
org.postgresql:postgresql,42.3.4,pgjdbc/pgjdbc,REL42.3.4,b4a9346c1b0089c04eb448224ab8fbfcae586450,
org.postgresql:postgresql,42.3.8,pgjdbc/pgjdbc,REL42.3.8,e73c6b6b53ff11bc0bd06c44130a880d3bf77c55,
org.postgresql:postgresql,42.3.9,pgjdbc/pgjdbc,REL42.3.9,d93c74127f5aebda2baa8fcefed4f0b4dfe81d95,
org.postgresql:postgresql,42.6.0,pgjdbc/pgjdbc,REL42.6.0,d6a0cc2babc5e5a4cef0a8eafd1b36198d8e3873,
org.postgresql:postgresql,42.7.0,pgjdbc/pgjdbc,REL42.7.0,1566eed0caeb26108f9df1d28255538767b7676f,
org.postgresql:postgresql,42.7.1,pgjdbc/pgjdbc,REL42.7.1,27bbccfeb73eec105057e53ae6068faf0e6f40b2,
org.postgresql:postgresql,42.7.2,pgjdbc/pgjdbc,REL42.7.2,06abfb78a627277a580d4df825f210e96a4e14ee,
org.postgresql:postgresql,42.7.3,pgjdbc/pgjdbc,REL42.7.3,818953a2b30480ecc874f812e46fcb82d1a395fd,
org.postgresql:r2dbc-postgresql,1.0.4.RELEASE,pgjdbc/r2dbc-postgresql,v1.0.4.RELEASE,c5a53a2a8c7d9504fdfa3e337a45583c1e877f91,
org.postgresql:r2dbc-postgresql,1.0.5.RELEASE,pgjdbc/r2dbc-postgresql,v1.0.5.RELEASE,b33c8d7fc3bbd2de60cb2beeeabc0e1add11911c,
org.primefaces:primefaces,13.0.2,primefaces/primefaces,13.0.2,88fe43e11cc6dd3b2f13aab6e447e5cbb6466c75,
org.primefaces:primefaces,13.0.3,primefaces/primefaces,13.0.3,005716d985aee98ebd42ba39d2a4c1f5f22b3836,
org.primefaces:primefaces,13.0.4,primefaces/primefaces,13.0.4,b6e11d32c73d61bc3347c9f774c1554159d99e48,
org.primefaces:primefaces,13.0.5,primefaces/primefaces,13.0.5,606c92915ad6ae038512ecc2f6c530cc37615ced,
org.projectlombok:lombok,1.18.24,projectlombok/lombok,v1.18.24,ba0f12846d0d3b192db32e781d5d2555be837eee,
org.projectlombok:lombok,1.18.26,projectlombok/lombok,v1.18.26,566dfe73ca11ed60e1a5b545872cefc4f0c8f976,
org.projectlombok:lombok,1.18.28,projectlombok/lombok,v1.18.28,57a886bb658de455da641635c586b20ed85c9a79,
org.projectlombok:lombok,1.18.30,projectlombok/lombok,v1.18.30,b118bea124bc5aef59cb0c5cac4a086e1e3d98f2,
org.redisson:redisson,3.26.0,,,,NO_GITHUB
org.redisson:redisson,3.26.1,,,,NO_GITHUB
org.slf4j:slf4j-api,2.0.10,,,,NO_GITHUB
org.slf4j:slf4j-api,2.0.11,,,,NO_GITHUB
org.slf4j:slf4j-api,2.0.12,,,,NO_GITHUB
org.slf4j:slf4j-api,2.0.13,,,,NO_GITHUB
org.slf4j:slf4j-api,2.0.7,qos-ch/slf4j,v_2.0.7,d6a21ae68f8a996bc24526f82ec46907e6688bc0,
org.slf4j:slf4j-api,2.0.9,,,,NO_GITHUB
org.slf4j:slf4j-reload4j,2.0.12,,,,NO_GITHUB
org.slf4j:slf4j-reload4j,2.0.13,,,,NO_GITHUB
org.slf4j:slf4j-reload4j,2.0.7,qos-ch/slf4j,v_2.0.7,d6a21ae68f8a996bc24526f82ec46907e6688bc0,
org.slf4j:slf4j-reload4j,2.0.9,,,,NO_GITHUB
org.slf4j:slf4j-simple,2.0.11,,,,NO_GITHUB
org.slf4j:slf4j-simple,2.0.12,,,,NO_GITHUB
org.slf4j:slf4j-simple,2.0.13,,,,NO_GITHUB
org.slf4j:slf4j-simple,2.0.9,,,,NO_GITHUB
org.sonarsource.scanner.maven:sonar-maven-plugin,3.10.0.2594,SonarSource/sonar-scanner-maven,3.10.0.2594,07989cede167bdc71b454a3adbaaacc7173f703f,
org.sonarsource.scanner.maven:sonar-maven-plugin,3.9.1.2184,SonarSource/sonar-scanner-maven,3.9.1.2184,ee787a4903b6e273f4e2dcb076691a5824358536,
org.sonatype.central:central-publishing-maven-plugin,0.2.0,,,,NO_GITHUB
org.sonatype.central:central-publishing-maven-plugin,0.3.0,,,,NO_GITHUB
org.sonatype.central:central-publishing-maven-plugin,0.3.1,,,,NO_GITHUB
org.sonatype.central:central-publishing-maven-plugin,0.4.0,,,,NO_GITHUB
org.sonatype.plugins:nexus-staging-maven-plugin,1.6.13,,,,NO_GITHUB
org.sonatype.plugins:nexus-staging-maven-plugin,1.6.7,,,,NO_GITHUB
org.sonatype.plugins:nexus-staging-maven-plugin,1.6.8,,,,NO_GITHUB
org.springdoc:springdoc-openapi-javadoc,1.7.0,springdoc/springdoc-openapi,v1.7.0,843bf1d7c831b2a218042d82cf4e03ac6b6ab124,
org.springdoc:springdoc-openapi-javadoc,1.8.0,springdoc/springdoc-openapi,v1.8.0,1a90a37a0450a0501bbd09b8785c49fa27cdd325,
org.springdoc:springdoc-openapi-starter-webmvc-ui,2.3.0,springdoc/springdoc-openapi,v2.3.0,492d542a8a74541a79348c7e1e1e788f41411b34,
org.springdoc:springdoc-openapi-starter-webmvc-ui,2.4.0,springdoc/springdoc-openapi,v2.4.0,47d66657fb7e12fde5b05d8324739bf5caab898b,
org.springdoc:springdoc-openapi-ui,1.7.0,springdoc/springdoc-openapi,v1.7.0,843bf1d7c831b2a218042d82cf4e03ac6b6ab124,
org.springdoc:springdoc-openapi-ui,1.8.0,springdoc/springdoc-openapi,v1.8.0,1a90a37a0450a0501bbd09b8785c49fa27cdd325,
org.springframework.boot:spring-boot,3.2.1,spring-projects/spring-boot,v3.2.1,8bb60eef026fc8787b5ac763bcb9c532f3fcb5f9,
org.springframework.boot:spring-boot,3.2.2,spring-projects/spring-boot,v3.2.2,80c1e663ce4caae9ba4d797658c0b8c15bf96374,
org.springframework.boot:spring-boot,3.2.3,spring-projects/spring-boot,v3.2.3,c24afefb4d46e78b774c67eda1fd4f822f12bbee,
org.springframework.boot:spring-boot,3.2.4,spring-projects/spring-boot,v3.2.4,f2988d3f25ce03f823df65b769a582b54f578395,
org.springframework.boot:spring-boot,3.2.5,spring-projects/spring-boot,v3.2.5,b3a160db7d0e382a166204cfa3cbf548e9cd8ea7,
org.springframework.boot:spring-boot-starter-parent,3.1.5,spring-projects/spring-boot,v3.1.5,b2663ab76ae151f51c411ebc6ba8a3904517a5bf,
org.springframework.boot:spring-boot-starter-parent,3.2.0,spring-projects/spring-boot,v3.2.0,f08a69e610faa92de2300853db71b428accd4dfa,
org.springframework.boot:spring-boot-starter-parent,3.2.1,spring-projects/spring-boot,v3.2.1,8bb60eef026fc8787b5ac763bcb9c532f3fcb5f9,
org.springframework.boot:spring-boot-starter-parent,3.2.2,spring-projects/spring-boot,v3.2.2,80c1e663ce4caae9ba4d797658c0b8c15bf96374,
org.springframework.cloud:spring-cloud-starter-netflix-eureka-client,4.0.3,spring-cloud/spring-cloud-netflix,v4.0.3,0ebaa0fc2b459958fd648dbc127d6acde16e0197,
org.springframework.cloud:spring-cloud-starter-netflix-eureka-client,4.1.0,spring-cloud/spring-cloud-netflix,v4.1.0,674d19cc795c5b48d31b78cc1127c3af4efe364c,
org.springframework.cloud:spring-cloud-starter-netflix-eureka-client,4.1.1,spring-cloud/spring-cloud-netflix,v4.1.1,c7885631edea653765f9cc0b3e55a6e39bfdfaa6,
org.springframework.kafka:spring-kafka,3.0.10,spring-projects/spring-kafka,v3.0.10,5f2a8cbcd4c691ddd89e397b33329609409543b1,
org.springframework.kafka:spring-kafka,3.0.4,spring-projects/spring-kafka,v3.0.4,6df4e12c8b4f22c5d34f6db4cd15b54730c5ec88,
org.testcontainers:junit-jupiter,1.18.3,testcontainers/testcontainers-java,1.18.3,b0902a95e7451e27e13815c48fe65314351d40e2,
org.testcontainers:junit-jupiter,1.19.0,testcontainers/testcontainers-java,1.19.0,15dcb62b68efa9a2db4fd98e841b3739bc7dea09,
org.testcontainers:junit-jupiter,1.19.1,testcontainers/testcontainers-java,1.19.1,dd1427ebd30bbaba7f32184f1376b7c21e725ab5,
org.testcontainers:junit-jupiter,1.19.2,testcontainers/testcontainers-java,1.19.2,6d330559933ee409db940ed11844d1b766360f8a,
org.testcontainers:junit-jupiter,1.19.3,testcontainers/testcontainers-java,1.19.3,832d9437fac7c92be635390714cb3cc40a6a3ca7,
org.testcontainers:junit-jupiter,1.19.4,testcontainers/testcontainers-java,1.19.4,dc0e3da2a76471e4e02ce7ba0a92b76acd423cbc,
org.testcontainers:junit-jupiter,1.19.5,testcontainers/testcontainers-java,1.19.5,c210afb0b0944d1a96b7a760f93d6601a9058173,
org.testcontainers:junit-jupiter,1.19.6,testcontainers/testcontainers-java,1.19.6,0fd331a12bd14de7186ad8af062e4c5e7d265a24,
org.testcontainers:junit-jupiter,1.19.7,testcontainers/testcontainers-java,1.19.7,4b5b34a8ec1af9eee3a6a4f5e53fc4eda8e4bb62,
org.testcontainers:k3s,1.19.3,testcontainers/testcontainers-java,1.19.3,832d9437fac7c92be635390714cb3cc40a6a3ca7,
org.testcontainers:k3s,1.19.4,testcontainers/testcontainers-java,1.19.4,dc0e3da2a76471e4e02ce7ba0a92b76acd423cbc,
org.testcontainers:k3s,1.19.5,testcontainers/testcontainers-java,1.19.5,c210afb0b0944d1a96b7a760f93d6601a9058173,
org.testcontainers:k3s,1.19.6,testcontainers/testcontainers-java,1.19.6,0fd331a12bd14de7186ad8af062e4c5e7d265a24,
org.testcontainers:k3s,1.19.7,testcontainers/testcontainers-java,1.19.7,4b5b34a8ec1af9eee3a6a4f5e53fc4eda8e4bb62,
org.testcontainers:testcontainers,1.19.2,testcontainers/testcontainers-java,1.19.2,6d330559933ee409db940ed11844d1b766360f8a,
org.testcontainers:testcontainers,1.19.3,testcontainers/testcontainers-java,1.19.3,832d9437fac7c92be635390714cb3cc40a6a3ca7,
org.testcontainers:testcontainers,1.19.4,testcontainers/testcontainers-java,1.19.4,dc0e3da2a76471e4e02ce7ba0a92b76acd423cbc,
org.testcontainers:testcontainers,1.19.5,testcontainers/testcontainers-java,1.19.5,c210afb0b0944d1a96b7a760f93d6601a9058173,
org.testcontainers:testcontainers,1.19.6,testcontainers/testcontainers-java,1.19.6,0fd331a12bd14de7186ad8af062e4c5e7d265a24,
org.testcontainers:testcontainers,1.19.7,testcontainers/testcontainers-java,1.19.7,4b5b34a8ec1af9eee3a6a4f5e53fc4eda8e4bb62,
org.testng:testng,7.10.1,testng-team/testng,7.10.1,5eac7fab73c0387f30ca8672208fdb06706d0ee8,
org.testng:testng,7.10.2,testng-team/testng,7.10.2,9665805ac267d8016fdcededd855d4b5fa1e588d,
org.tinylog:slf4j-tinylog,2.6.2,tinylog-org/tinylog,2.6.2,c2ccaa40e822692a47e4c49238eb776510cd257a,
org.tinylog:slf4j-tinylog,2.7.0,tinylog-org/tinylog,2.7.0,3f06443af03dbb8ca94bd09bbfb2cb32486bee4b,
org.tinylog:tinylog-impl,2.6.2,tinylog-org/tinylog,2.6.2,c2ccaa40e822692a47e4c49238eb776510cd257a,
org.tinylog:tinylog-impl,2.7.0,tinylog-org/tinylog,2.7.0,3f06443af03dbb8ca94bd09bbfb2cb32486bee4b,
org.webjars.npm:alpinejs,3.13.10,alpinejs/alpine,v3.13.10,851dc0ed2e15f34a7de6546ad71b581610adec58,
org.webjars.npm:alpinejs,3.13.3,alpinejs/alpine,v3.13.3,eed29f01b6b1e07639dded6641294e53b14240fb,
org.webjars.npm:alpinejs,3.13.4,alpinejs/alpine,v3.13.4,6918d965893650b0a47d109773d245ca1dadf15b,
org.webjars.npm:alpinejs,3.13.5,alpinejs/alpine,v3.13.5,973cfe95517f1450a6eb94f8f0b17307192edd56,
org.webjars.npm:alpinejs,3.13.8,alpinejs/alpine,v3.13.8,85ff820f4595e7332553ebbada505506338506aa,
org.webjars.npm:bootstrap,5.3.2,twbs/bootstrap,v5.3.2,344e912d04b5b6a04482113eff20ab416ff01048,
org.webjars.npm:bootstrap,5.3.3,twbs/bootstrap,v5.3.3,6e1f75f420f68e1d52733b8e407fc7c3766c9dba,
org.webjars.npm:htmx.org,1.9.10,bigskysoftware/htmx,v1.9.10,51baa6bb31f0e6cc59b797b86f3f721e75ac7796,
org.webjars.npm:htmx.org,1.9.11,bigskysoftware/htmx,v1.9.11,9b1e9bc336ffd40ee62dd2af8b21c6894e4b45f2,
org.webjars.npm:htmx.org,1.9.12,bigskysoftware/htmx,v1.9.12,f38e07d4be8145a39e2bb477ec9fcc56bdd2d16d,
org.webjars.npm:htmx.org,1.9.9,bigskysoftware/htmx,v1.9.9,db5167ebebd6a10cea479d577d9c31d67177ec7f,
org.webjars:webjars-locator,0.50,webjars/webjars-locator,webjars-locator-0.50,61ac4ae68f38204793942c0dc6a5b0aa56e6f243,
org.webjars:webjars-locator,0.51,webjars/webjars-locator,webjars-locator-0.51,1847d6b4a4629bf4d15afd2459ef29b21a6fd546,
org.webjars:webjars-locator,0.52,webjars/webjars-locator,webjars-locator-0.52,5e6d09c2108b60079d876d4ec8ff82fe6887bfb6,
org.wildfly.plugins:wildfly-maven-plugin,4.2.0.Final,,,,NO_GITHUB
org.wildfly.plugins:wildfly-maven-plugin,4.2.1.Final,,,,NO_GITHUB
org.wildfly.plugins:wildfly-maven-plugin,4.2.2.Final,,,,NO_GITHUB
org.xerial:sqlite-jdbc,3.43.2.2,xerial/sqlite-jdbc,3.43.2.2,9e1571b7627f2978cbd46eabf4f0cb37b75adcba,
org.xerial:sqlite-jdbc,3.44.0.0,xerial/sqlite-jdbc,3.44.0.0,42ec75ca54583b34b9f8ced3fc4a0cc1339d6439,
org.xerial:sqlite-jdbc,3.44.1.0,xerial/sqlite-jdbc,3.44.1.0,e6bdb3c37bae98c44518fe8abceb548a9d6a91d3,
org.xerial:sqlite-jdbc,3.45.0.0,xerial/sqlite-jdbc,3.45.0.0,9f2e48a16a1773f5258434023531fe35cfce2d2c,
org.xerial:sqlite-jdbc,3.45.1.0,xerial/sqlite-jdbc,3.45.1.0,5ac6b0d4bf42244f1d48b39af74e87ce7621cac6,
org.xerial:sqlite-jdbc,3.45.2.0,xerial/sqlite-jdbc,3.45.2.0,89d5e05c8084f1fc338357054f74ca41b463b424,
org.xerial:sqlite-jdbc,3.45.3.0,xerial/sqlite-jdbc,3.45.3.0,c3420569d976c14b244bd70fd2e74968b7ebb0bb,
org.yaml:snakeyaml,2.1,,,,NO_GITHUB
org.yaml:snakeyaml,2.2,,,,NO_GITHUB
se.bjurr.gitchangelog:git-changelog-maven-plugin,1.100.6,tomasbjerre/git-changelog-maven-plugin,git-changelog-maven-plugin-1.100.6,971110513d09ed3150fe1701f0cb41a2940b0b78,
se.bjurr.gitchangelog:git-changelog-maven-plugin,1.97.0,tomasbjerre/git-changelog-maven-plugin,git-changelog-maven-plugin-1.97.0,1a297ce784e7c946d95eaf904814cb1b1c7f3172,
se.bjurr.gitchangelog:git-changelog-maven-plugin,1.97.1,tomasbjerre/git-changelog-maven-plugin,git-changelog-maven-plugin-1.97.1,907433be33918b25b4a0e64cd3a8efda6ed9e76b,
tech.jhipster.lite:jhlite,1.0.0,jhipster/jhipster-lite,v1.0.0,1b66bf2b91158bdde85efca6220b1bc63914da1a,
tech.jhipster.lite:jhlite,1.1.0,jhipster/jhipster-lite,v1.1.0,c9b08123a5523370a5af748183349854e7b01a64,